ts_code,trade_date,open,high,low,close,pre_close,change,pct_chg,vol,amount
601398.SH,2023.03.01,4.3,4.31,4.29,4.3,4.3,0,0,2575566.700000000186264,1107847.946999999927356
601398.SH,2023.03.02,4.3,4.320000000000001,4.29,4.320000000000001,4.3,0.02,0.4651,2209294.25,952727.207999999984167
601398.SH,2023.03.03,4.320000000000001,4.370000000000001,4.320000000000001,4.360000000000001,4.320000000000001,0.04,0.9259,3222511.25,1399659.368000000016763
601398.SH,2023.03.06,4.370000000000001,4.38,4.34,4.35,4.360000000000001,-0.01,-0.2294,3218611.779999999795108,1401037.31499999994412
601398.SH,2023.03.07,4.35,4.480000000000001,4.34,4.39,4.35,0.04,0.9195,6770934.040000000037252,2992988.029999999795109
601398.SH,2023.03.08,4.370000000000001,4.410000000000001,4.35,4.400000000000001,4.39,0.01,0.2278,2513977.160000000149011,1098665.503999999957159
601398.SH,2023.03.09,4.400000000000001,4.440000000000001,4.38,4.38,4.400000000000001,-0.02,-0.4545,2410878.529999999795108,1062348.000999999931082
601398.SH,2023.03.10,4.360000000000001,4.38,4.34,4.34,4.38,-0.04,-0.9132,2221254.319999999832361,968749.01100000005681
601398.SH,2023.03.13,4.34,4.410000000000001,4.33,4.400000000000001,4.34,0.06,1.3825,2491912.399999999906867,1092169.162999999942258
601398.SH,2023.03.14,4.39,4.440000000000001,4.38,4.410000000000001,4.400000000000001,0.01,0.2273,2542644.759999999776482,1122413.92699999990873
601398.SH,2023.03.15,4.43,4.47,4.410000000000001,4.46,4.410000000000001,0.05,1.1338,2896830.790000000037252,1288387.303000000072643
601398.SH,2023.03.16,4.450000000000001,4.570000000000001,4.440000000000001,4.52,4.46,0.06,1.3453,5873947.440000000409781,2655044.111000000033527
601398.SH,2023.03.17,4.530000000000001,4.58,4.490000000000001,4.52,4.52,0,0,3428580.620000000111758,1553254.966000000014901
601398.SH,2023.03.20,4.52,4.6,4.5,4.51,4.52,-0.01,-0.2212,3386446.149999999906867,1541399.770000000018626
601398.SH,2023.03.21,4.52,4.55,4.440000000000001,4.450000000000001,4.51,-0.06,-1.3304,2735102.459999999962747,1222842.097000000067055
601398.SH,2023.03.22,4.46,4.52,4.450000000000001,4.52,4.450000000000001,0.07,1.573,2218087.819999999832361,998009.989999999990686
601398.SH,2023.03.23,4.51,4.530000000000001,4.480000000000001,4.52,4.52,0,0,1898473.479999999981373,855390.079000000027008
601398.SH,2023.03.24,4.51,4.51,4.47,4.480000000000001,4.52,-0.04,-0.885,1619528.870000000111758,726293.380000000004656
601398.SH,2023.03.27,4.47,4.480000000000001,4.410000000000001,4.46,4.480000000000001,-0.02,-0.4464,2126959.299999999813735,944911.324000000022351
601398.SH,2023.03.28,4.47,4.5,4.440000000000001,4.490000000000001,4.46,0.03,0.6726,1718590.68999999994412,768256.378000000026077
601398.SH,2023.03.29,4.5,4.530000000000001,4.46,4.51,4.490000000000001,0.02,0.4454,2153324.560000000055879,969916.34499999997206
601398.SH,2023.03.30,4.51,4.55,4.480000000000001,4.52,4.51,0.01,0.2217,1810266.320000000065192,816555.471000000019557
601398.SH,2023.03.31,4.52,4.52,4.450000000000001,4.46,4.52,-0.06,-1.3274,2345624.819999999832361,1050304.783999999985098
601398.SH,2023.04.03,4.46,4.47,4.440000000000001,4.450000000000001,4.46,-0.01,-0.2242,2005186.090000000083819,892555.875
601398.SH,2023.04.04,4.450000000000001,4.52,4.440000000000001,4.52,4.450000000000001,0.07,1.573,3061591.330000000074505,1376907.554000000003725
601398.SH,2023.04.06,4.51,4.54,4.490000000000001,4.530000000000001,4.52,0.01,0.2212,1958216.080000000074505,884878.222999999998137
601398.SH,2023.04.07,4.52,4.54,4.51,4.530000000000001,4.530000000000001,0,0,1247347.679999999934807,564750.743999999947845
601398.SH,2023.04.10,4.530000000000001,4.56,4.5,4.55,4.530000000000001,0.02,0.4415,2403449.169999999925494,1090106.743000000016763
601398.SH,2023.04.11,4.55,4.570000000000001,4.530000000000001,4.55,4.55,0,0,1852176.530000000027939,843163.087999999988824
601398.SH,2023.04.12,4.56,4.64,4.55,4.610000000000001,4.55,0.06,1.3187,3198518.029999999795109,1472027.338999999919906
601398.SH,2023.04.13,4.6,4.650000000000001,4.58,4.63,4.610000000000001,0.02,0.4338,2187342.680000000167638,1012149.962000000057741
601398.SH,2023.04.14,4.650000000000001,4.650000000000001,4.610000000000001,4.63,4.63,0,0,1514960.889999999897554,701396.459999999962747
601398.SH,2023.04.17,4.63,4.740000000000001,4.62,4.730000000000001,4.63,0.1,2.1598,3556291.810000000055879,1666156.219000000040978
601398.SH,2023.04.18,4.730000000000001,4.81,4.72,4.77,4.730000000000001,0.04,0.8457,3952574.339999999850988,1882106.553000000072643
601398.SH,2023.04.19,4.77,4.8,4.75,4.76,4.77,-0.01,-0.2096,2699213.779999999795108,1288443.209000000031664
601398.SH,2023.04.20,4.76,4.79,4.68,4.740000000000001,4.76,-0.02,-0.4202,3180013.410000000149011,1502667.179999999934807
601398.SH,2023.04.21,4.740000000000001,4.79,4.690000000000001,4.700000000000001,4.740000000000001,-0.04,-0.8439,3158540.049999999813735,1496588.899999999906867
601398.SH,2023.04.24,4.700000000000001,4.75,4.68,4.72,4.700000000000001,0.02,0.4255,3062068.100000000093132,1443750.722999999998137
601398.SH,2023.04.25,4.71,4.780000000000001,4.71,4.75,4.72,0.03,0.6356,3915674.75,1857660.019000000087544
601398.SH,2023.04.26,4.740000000000001,4.780000000000001,4.650000000000001,4.75,4.75,0,0,4009611.149999999906867,1891851.111000000033527
601398.SH,2023.04.27,4.740000000000001,4.75,4.700000000000001,4.75,4.75,0,0,2657079.620000000111758,1256636.713999999919906
601398.SH,2023.04.28,4.740000000000001,4.780000000000001,4.700000000000001,4.72,4.75,-0.03,-0.6316,2503244,1185262.424000000115483
601398.SH,2023.05.04,4.700000000000001,4.96,4.68,4.950000000000001,4.72,0.23,4.8729,7289708.419999999925494,3541568.882000000216066
601398.SH,2023.05.05,4.940000000000001,5.1,4.940000000000001,4.990000000000001,4.950000000000001,0.04,0.8081,6828810,3428249.975999999791383
601398.SH,2023.05.08,5.02,5.360000000000001,5.01,5.3,4.990000000000001,0.31,6.2124,10488613.019999999552965,5490372.105999999679625
601398.SH,2023.05.09,5.370000000000001,5.47,5.22,5.27,5.3,-0.03,-0.566,9334986.150000000372529,4986593.623999999836087
601398.SH,2023.05.10,5.22,5.26,4.990000000000001,5.030000000000001,5.27,-0.24,-4.5541,7516354.459999999962747,3815734.475999999791383
601398.SH,2023.05.11,5.030000000000001,5.110000000000001,4.990000000000001,5,5.030000000000001,-0.03,-0.5964,4037362.609999999869614,2028244.040000000037252
601398.SH,2023.05.12,4.990000000000001,5.05,4.950000000000001,4.980000000000001,5,-0.02,-0.4,3651839.270000000018626,1822660.939000000013038
601398.SH,2023.05.15,4.990000000000001,5.06,4.85,5.04,4.980000000000001,0.06,1.2048,5121251.410000000149011,2529284.811999999918043
601398.SH,2023.05.16,5.04,5.14,4.980000000000001,5.01,5.04,-0.03,-0.5952,3238579,1638354.82799999997951
601398.SH,2023.05.17,4.990000000000001,5.04,4.93,4.990000000000001,5.01,-0.02,-0.3992,2615395.509999999776482,1303973.179000000003725
601398.SH,2023.05.18,5,5.18,4.990000000000001,5.120000000000001,4.990000000000001,0.13,2.6052,4402893.209999999962747,2247012.010999999940395
601398.SH,2023.05.19,5.110000000000001,5.14,5.04,5.04,5.120000000000001,-0.08,-1.5625,3082250.319999999832361,1566953.441000000108033
601398.SH,2023.05.22,5.04,5.150000000000001,5.02,5.070000000000001,5.04,0.03,0.5952,2578695.759999999776482,1312745.929999999934807
601398.SH,2023.05.23,5.06,5.110000000000001,4.91,4.93,5.070000000000001,-0.14,-2.7613,4411799.990000000223517,2195648.030999999959021
601398.SH,2023.05.24,4.950000000000001,4.96,4.75,4.76,4.93,-0.17,-3.4483,5227541.450000000186264,2512302.395000000018626
601398.SH,2023.05.25,4.730000000000001,4.77,4.700000000000001,4.740000000000001,4.76,-0.02,-0.4202,3461347.350000000093132,1637454.759000000078231
601398.SH,2023.05.26,4.740000000000001,4.84,4.72,4.8,4.740000000000001,0.06,1.2658,2346930.919999999925494,1123359.45699999993667
601398.SH,2023.05.29,4.81,4.88,4.8,4.85,4.8,0.05,1.0417,2980559.479999999981373,1441539.229999999981373
601398.SH,2023.05.30,4.84,4.88,4.79,4.820000000000001,4.85,-0.03,-0.6186,2689175.490000000223517,1298717.693999999901279
601398.SH,2023.05.31,4.81,4.87,4.780000000000001,4.83,4.820000000000001,0.01,0.2075,2513541.529999999795108,1215088.902000000001862
601398.SH,2023.06.01,4.820000000000001,4.92,4.8,4.860000000000001,4.83,0.03,0.6211,2708660.169999999925494,1316044.948000000091269
601398.SH,2023.06.02,4.860000000000001,4.900000000000001,4.84,4.88,4.860000000000001,0.02,0.4115,1594868.419999999925494,775899.589999999967403
601398.SH,2023.06.05,4.88,4.980000000000001,4.860000000000001,4.96,4.88,0.08,1.6393,1961820.25,969318.118999999947845
601398.SH,2023.06.06,4.96,5.05,4.940000000000001,4.96,4.96,0,0,2501764.899999999906867,1251780.679000000003725
601398.SH,2023.06.07,4.97,5.05,4.97,5.01,4.96,0.05,1.0081,2192964.419999999925494,1099411.84499999997206
601398.SH,2023.06.08,5.01,5.1,4.980000000000001,5.09,5.01,0.08,1.5968,2413816.830000000074505,1219117.767999999923631
601398.SH,2023.06.09,5.08,5.120000000000001,5.06,5.070000000000001,5.09,-0.02,-0.3929,2114255.479999999981373,1075351.683999999891966
601398.SH,2023.06.12,5.08,5.09,4.950000000000001,4.97,5.070000000000001,-0.1,-1.9724,2706656.25,1353794.291999999899417
601398.SH,2023.06.13,4.96,5.01,4.950000000000001,5,4.97,0.03,0.6036,1622393.810000000055879,809442.489999999990686
601398.SH,2023.06.14,4.990000000000001,5.02,4.860000000000001,4.87,5,-0.13,-2.6,3504577.160000000149011,1728125.975000000093132
601398.SH,2023.06.15,4.900000000000001,4.96,4.87,4.91,4.87,0.04,0.8214,2252519.160000000149011,1105624.108999999938532
601398.SH,2023.06.16,4.91,4.92,4.88,4.88,4.91,-0.03,-0.611,2177238.330000000074505,1066214.513999999966472
601398.SH,2023.06.19,4.88,4.89,4.81,4.83,4.88,-0.05,-1.0246,2294115.140000000130385,1110369.62100000004284
601398.SH,2023.06.20,4.83,4.87,4.8,4.83,4.83,0,0,1754802.580000000074505,847809.824999999953433
601398.SH,2023.06.21,4.820000000000001,4.93,4.81,4.85,4.83,0.02,0.4141,2736087.669999999925494,1333802.300000000046566
601398.SH,2023.06.26,4.85,4.860000000000001,4.75,4.77,4.85,-0.08,-1.6495,2989837.959999999962747,1430494.631000000052154
601398.SH,2023.06.27,4.77,4.820000000000001,4.730000000000001,4.81,4.77,0.04,0.8386,2129214.479999999981373,1020036.537999999942257
601398.SH,2023.06.28,4.8,4.84,4.780000000000001,4.820000000000001,4.81,0.01,0.2079,1914026.169999999925494,921642.613999999943189
601398.SH,2023.06.29,4.81,4.820000000000001,4.780000000000001,4.780000000000001,4.820000000000001,-0.04,-0.8299,1768647,848123.797000000020489
601398.SH,2023.06.30,4.79,4.84,4.79,4.820000000000001,4.780000000000001,0.04,0.8368,1789393.860000000102445,861972.305999999982304
601398.SH,2023.07.03,4.84,4.89,4.8,4.88,4.820000000000001,0.06,1.2448,2885172.370000000111758,1401397.652999999932944
601398.SH,2023.07.04,4.87,4.88,4.820000000000001,4.83,4.88,-0.05,-1.0246,2236081.290000000037252,1083994.703999999910593
601398.SH,2023.07.05,4.83,4.85,4.79,4.820000000000001,4.83,-0.01,-0.207,1650508.239999999990686,795131.315999999991618
601398.SH,2023.07.06,4.8,4.83,4.76,4.77,4.820000000000001,-0.05,-1.0373,2402678.180000000167638,1150747.047999999951571
601398.SH,2023.07.07,4.76,4.81,4.75,4.76,4.77,-0.01,-0.2096,2204643.399999999906867,1052383.641999999992549
601398.SH,2023.07.10,4.77,4.79,4.75,4.77,4.76,0.01,0.2101,1259393.399999999906867,600869.277000000001862
601398.SH,2023.07.11,4.79,4.84,4.780000000000001,4.83,4.77,0.06,1.2579,1810361.379999999888241,872812.383000000030733
601398.SH,2023.07.12,4.83,4.860000000000001,4.8,4.81,4.83,-0.02,-0.4141,1862673.149999999906867,899237.410000000032596
601398.SH,2023.07.13,4.820000000000001,4.89,4.820000000000001,4.87,4.81,0.06,1.2474,2581133.390000000130385,1252501.956000000005587
601398.SH,2023.07.14,4.88,4.900000000000001,4.84,4.87,4.87,0,0,3056799.509999999776482,1490328.854000000050291
601398.SH,2023.07.17,4.6,4.610000000000001,4.55,4.570000000000001,4.570000000000001,0,0,2872925.759999999776482,1313140.479999999981373
601398.SH,2023.07.18,4.570000000000001,4.58,4.52,4.54,4.570000000000001,-0.03,-0.6565,2104102.779999999795108,955282.785999999963678
601398.SH,2023.07.19,4.530000000000001,4.570000000000001,4.52,4.56,4.54,0.02,0.4405,1451546.820000000065192,659323.287000000011175
601398.SH,2023.07.20,4.570000000000001,4.6,4.56,4.58,4.56,0.02,0.4386,1444105.379999999888241,661920.422000000020489
601398.SH,2023.07.21,4.570000000000001,4.59,4.56,4.58,4.58,0,0,1303226.320000000065192,596118.85600000002887
601398.SH,2023.07.24,4.570000000000001,4.59,4.54,4.570000000000001,4.58,-0.01,-0.2183,1158905.830000000074505,528908.85999999998603
601398.SH,2023.07.25,4.59,4.63,4.58,4.62,4.570000000000001,0.05,1.0941,1924507.600000000093132,887398.435000000055879
601398.SH,2023.07.26,4.62,4.64,4.6,4.63,4.62,0.01,0.2165,1154337.679999999934807,533491.432000000029802
601398.SH,2023.07.27,4.63,4.75,4.63,4.700000000000001,4.63,0.07,1.5119,2404240.93999999994412,1130511.654000000096857
601398.SH,2023.07.28,4.68,4.8,4.67,4.79,4.700000000000001,0.09,1.9149,2585045.180000000167638,1229649.770999999949708
601398.SH,2023.07.31,4.8,4.860000000000001,4.740000000000001,4.77,4.79,-0.02,-0.4175,2822097.049999999813735,1351064.40999999991618
601398.SH,2023.08.01,4.77,4.8,4.75,4.780000000000001,4.77,0.01,0.2096,1849948.169999999925494,883177.020999999949708
601398.SH,2023.08.02,4.75,4.76,4.650000000000001,4.67,4.780000000000001,-0.11,-2.3013,3016435.609999999869614,1414477.097999999998137
601398.SH,2023.08.03,4.67,4.740000000000001,4.64,4.72,4.67,0.05,1.0707,2110533.350000000093132,991496.643000000040046
601398.SH,2023.08.04,4.740000000000001,4.780000000000001,4.700000000000001,4.740000000000001,4.72,0.02,0.4237,2359550.819999999832361,1118833.38800000003539
601398.SH,2023.08.07,4.730000000000001,4.730000000000001,4.67,4.71,4.740000000000001,-0.03,-0.6329,1899890.340000000083819,892038.939000000013038
601398.SH,2023.08.08,4.700000000000001,4.71,4.67,4.68,4.71,-0.03,-0.6369,1292974.860000000102445,605700.032000000006519
601398.SH,2023.08.09,4.67,4.71,4.67,4.71,4.68,0.03,0.641,1275891.570000000065192,599028.493000000016763
601398.SH,2023.08.10,4.700000000000001,4.71,4.67,4.690000000000001,4.71,-0.02,-0.4246,1251263.260000000009313,586262.307000000029802
601398.SH,2023.08.11,4.690000000000001,4.690000000000001,4.610000000000001,4.610000000000001,4.690000000000001,-0.08,-1.7058,2065553.649999999906867,958427.435000000055879
601398.SH,2023.08.14,4.59,4.59,4.54,4.56,4.610000000000001,-0.05,-1.0846,2062904.370000000111758,940677.037000000011175
601398.SH,2023.08.15,4.570000000000001,4.660000000000001,4.56,4.64,4.56,0.08,1.7544,1901957.40999999991618,876696.047999999951571
601398.SH,2023.08.16,4.62,4.650000000000001,4.6,4.64,4.64,0,0,1319587.199999999953433,610777.724000000045634
601398.SH,2023.08.17,4.63,4.63,4.570000000000001,4.6,4.64,-0.04,-0.8621,1777380.129999999888241,816332.096999999950639
601398.SH,2023.08.18,4.59,4.67,4.58,4.610000000000001,4.6,0.01,0.2174,2106844.200000000186264,975878.346999999950639
601398.SH,2023.08.21,4.610000000000001,4.63,4.56,4.56,4.610000000000001,-0.05,-1.0846,2008059.65999999991618,919967.015999999945051
601398.SH,2023.08.22,4.570000000000001,4.64,4.55,4.62,4.56,0.06,1.3158,2591200.959999999962747,1189461.330000000074505
601398.SH,2023.08.23,4.610000000000001,4.68,4.59,4.64,4.62,0.02,0.4329,2519848.549999999813735,1170788.997999999905005
601398.SH,2023.08.24,4.650000000000001,4.660000000000001,4.59,4.59,4.64,-0.05,-1.0776,2117788.089999999850988,976867.239999999990686
601398.SH,2023.08.25,4.58,4.68,4.58,4.660000000000001,4.59,0.07,1.5251,2670931.850000000093132,1238221.614999999990686
601398.SH,2023.08.28,4.8,4.8,4.68,4.730000000000001,4.660000000000001,0.07,1.5021,4335473.769999999552965,2047848.273000000044703
601398.SH,2023.08.29,4.71,4.72,4.610000000000001,4.63,4.730000000000001,-0.1,-2.1142,3805806.669999999925494,1766953.943999999901279
601398.SH,2023.08.30,4.63,4.63,4.570000000000001,4.59,4.63,-0.04,-0.8639,3254210.810000000055879,1492263.142999999923631
601398.SH,2023.08.31,4.58,4.64,4.56,4.62,4.59,0.03,0.6536,2894279.339999999850988,1328761.084000000031664
601398.SH,2023.09.01,4.59,4.610000000000001,4.55,4.570000000000001,4.62,-0.05,-1.0823,2968283.990000000223517,1357727.425999999977648
601398.SH,2023.09.04,4.58,4.610000000000001,4.56,4.6,4.570000000000001,0.03,0.6565,2511760.290000000037252,1153387.625
601398.SH,2023.09.05,4.59,4.6,4.58,4.59,4.6,-0.01,-0.2174,1665329.129999999888241,764627.604000000050291
601398.SH,2023.09.06,4.58,4.62,4.58,4.610000000000001,4.59,0.02,0.4357,1565622.15999999991618,721190.24600000004284
601398.SH,2023.09.07,4.610000000000001,4.64,4.6,4.62,4.610000000000001,0.01,0.2169,2110284.799999999813735,975710.530000000027939
601398.SH,2023.09.08,4.62,4.62,4.58,4.59,4.62,-0.03,-0.6494,1228218.739999999990686,563775.964999999967403
601398.SH,2023.09.11,4.59,4.610000000000001,4.58,4.59,4.59,0,0,1734103.679999999934807,796563.540999999968335
601398.SH,2023.09.12,4.59,4.6,4.58,4.6,4.59,0.01,0.2179,1260714.889999999897554,578873.993999999947845
601398.SH,2023.09.13,4.6,4.63,4.59,4.62,4.6,0.02,0.4348,2062878.570000000065192,951230.236000000033527
601398.SH,2023.09.14,4.63,4.68,4.62,4.68,4.62,0.06,1.2987,3511706.700000000186264,1638629.280999999959021
601398.SH,2023.09.15,4.68,4.700000000000001,4.63,4.63,4.68,-0.05,-1.0684,2397323.569999999832361,1116627.266999999992549
601398.SH,2023.09.18,4.64,4.650000000000001,4.610000000000001,4.64,4.63,0.01,0.216,1661257.860000000102445,768769.280999999959021
601398.SH,2023.09.19,4.64,4.68,4.63,4.68,4.64,0.04,0.8621,2066133.199999999953433,963619.722999999998137
601398.SH,2023.09.20,4.67,4.71,4.660000000000001,4.690000000000001,4.68,0.01,0.2137,2844159.410000000149011,1334624.084000000031664
601398.SH,2023.09.21,4.690000000000001,4.740000000000001,4.68,4.690000000000001,4.690000000000001,0,0,2981619.430000000167638,1401644.983999999938532
601398.SH,2023.09.22,4.690000000000001,4.740000000000001,4.67,4.740000000000001,4.690000000000001,0.05,1.0661,3099886.399999999906867,1460209.787000000011175
601398.SH,2023.09.25,4.740000000000001,4.76,4.72,4.730000000000001,4.740000000000001,-0.01,-0.211,2372227.109999999869614,1124713.307000000029802
601398.SH,2023.09.26,4.740000000000001,4.75,4.68,4.700000000000001,4.730000000000001,-0.03,-0.6342,2148475.450000000186264,1011746.716999999945983
601398.SH,2023.09.27,4.700000000000001,4.71,4.650000000000001,4.650000000000001,4.700000000000001,-0.05,-1.0638,2258028.620000000111758,1054101.377000000094994
601398.SH,2023.09.28,4.67,4.700000000000001,4.660000000000001,4.68,4.650000000000001,0.03,0.6452,1569716.959999999962747,734762.891999999992549
601398.SH,2023.10.09,4.650000000000001,4.700000000000001,4.63,4.67,4.68,-0.01,-0.2137,2148065.589999999850988,1002756.576000000000931
601398.SH,2023.10.10,4.690000000000001,4.72,4.67,4.68,4.67,0.01,0.2141,1860356.239999999990686,873180.319999999948777
601398.SH,2023.10.11,4.690000000000001,4.730000000000001,4.690000000000001,4.72,4.68,0.04,0.8547,2692050.109999999869614,1269006.831000000005587
601398.SH,2023.10.12,4.8,4.85,4.780000000000001,4.84,4.72,0.12,2.5424,5677657.570000000298023,2734640.604999999981373
601398.SH,2023.10.13,4.81,4.940000000000001,4.8,4.89,4.84,0.05,1.0331,4282273.309999999590218,2094706.16400000010617
601398.SH,2023.10.16,4.88,4.940000000000001,4.85,4.92,4.89,0.03,0.6135,2823494.729999999981373,1381506.631999999983236
601398.SH,2023.10.17,4.91,4.93,4.89,4.92,4.92,0,0,1900438.649999999906867,932409.040999999968335
601398.SH,2023.10.18,4.91,4.980000000000001,4.900000000000001,4.93,4.92,0.01,0.2033,2757790.399999999906867,1360530.618000000016763
601398.SH,2023.10.19,4.91,4.92,4.81,4.83,4.93,-0.1,-2.0284,3631633.93999999994412,1759426.128999999957159
601398.SH,2023.10.20,4.8,4.84,4.76,4.79,4.83,-0.04,-0.8282,2747824.93999999994412,1317398.881000000052154
601398.SH,2023.10.23,4.780000000000001,4.85,4.77,4.820000000000001,4.79,0.03,0.6263,2687135.430000000167638,1295265.513999999966472
601398.SH,2023.10.24,4.820000000000001,4.83,4.730000000000001,4.76,4.820000000000001,-0.06,-1.2448,3355482.669999999925494,1596617.824000000022351
601398.SH,2023.10.25,4.77,4.79,4.71,4.71,4.76,-0.05,-1.0504,3489260.200000000186264,1648499.683999999891966
601398.SH,2023.10.26,4.71,4.8,4.71,4.79,4.71,0.08,1.6985,3065313.200000000186264,1460187.892999999923631
601398.SH,2023.10.27,4.8,4.83,4.75,4.77,4.79,-0.02,-0.4175,2929633.330000000074505,1401153.452000000048428
601398.SH,2023.10.30,4.75,4.76,4.660000000000001,4.690000000000001,4.77,-0.08,-1.6771,4686115.429999999701976,2199149.845000000204891
601398.SH,2023.10.31,4.690000000000001,4.740000000000001,4.67,4.730000000000001,4.690000000000001,0.04,0.8529,2411116.060000000055879,1136787.729999999981373
601398.SH,2023.11.01,4.740000000000001,4.780000000000001,4.700000000000001,4.77,4.730000000000001,0.04,0.8457,2166782.450000000186264,1029343.589000000036321
601398.SH,2023.11.02,4.780000000000001,4.820000000000001,4.77,4.780000000000001,4.77,0.01,0.2096,2132217.160000000149011,1023208.912999999942258
601398.SH,2023.11.03,4.780000000000001,4.79,4.730000000000001,4.740000000000001,4.780000000000001,-0.04,-0.8368,1995544.429999999934807,948809.75
601398.SH,2023.11.06,4.740000000000001,4.76,4.700000000000001,4.71,4.740000000000001,-0.03,-0.6329,3155535.620000000111758,1487054.516999999992549
601398.SH,2023.11.07,4.71,4.75,4.690000000000001,4.72,4.71,0.01,0.2123,1762681.139999999897554,831535.432000000029802
601398.SH,2023.11.08,4.71,4.740000000000001,4.690000000000001,4.71,4.72,-0.01,-0.2119,2307978.029999999795109,1088088.168000000063329
601398.SH,2023.11.09,4.700000000000001,4.79,4.700000000000001,4.780000000000001,4.71,0.07,1.4862,2774644.049999999813735,1319361.41400000010617
601398.SH,2023.11.10,4.77,4.820000000000001,4.740000000000001,4.780000000000001,4.780000000000001,0,0,2157019.069999999832361,1030812.616000000038184
601398.SH,2023.11.13,4.780000000000001,4.780000000000001,4.72,4.76,4.780000000000001,-0.02,-0.4184,1784472.229999999981373,845699.96799999999348
601398.SH,2023.11.14,4.75,4.79,4.730000000000001,4.79,4.76,0.03,0.6303,2065392.729999999981373,983406.086000000010244
601398.SH,2023.11.15,4.780000000000001,4.8,4.77,4.79,4.79,0,0,1510144.820000000065192,722371.077000000048428
601398.SH,2023.11.16,4.780000000000001,4.820000000000001,4.77,4.8,4.79,0.01,0.2088,1783049.209999999962747,856430.947999999974854
601398.SH,2023.11.17,4.8,4.81,4.76,4.780000000000001,4.8,-0.02,-0.4167,1733745.179999999934807,828856.949999999953433
601398.SH,2023.11.20,4.780000000000001,4.820000000000001,4.77,4.81,4.780000000000001,0.03,0.6276,1737244.260000000009313,833340.523999999975785
601398.SH,2023.11.21,4.81,4.84,4.8,4.81,4.81,0,0,1855786.209999999962747,893722.003999999957159
601398.SH,2023.11.22,4.8,4.83,4.79,4.8,4.81,-0.01,-0.2079,1426232.610000000102445,685928.359000000054948
601398.SH,2023.11.23,4.81,4.81,4.77,4.8,4.8,0,0,1713015.149999999906867,820169.689000000013038
601398.SH,2023.11.24,4.8,4.820000000000001,4.79,4.8,4.8,0,0,1862324.459999999962747,895099.923999999999068
601398.SH,2023.11.27,4.79,4.8,4.75,4.780000000000001,4.8,-0.02,-0.4167,2183710.029999999795109,1041992.126999999978579
601398.SH,2023.11.28,4.780000000000001,4.8,4.77,4.79,4.780000000000001,0.01,0.2092,1333511.040000000037252,638025.596999999950639
601398.SH,2023.11.29,4.780000000000001,4.79,4.76,4.77,4.79,-0.02,-0.4175,1608007.360000000102445,767506.442999999970197
601398.SH,2023.11.30,4.77,4.81,4.76,4.81,4.77,0.04,0.8386,2146402.580000000074505,1027384.354999999981373
601398.SH,2023.12.01,4.8,4.83,4.79,4.81,4.81,0,0,2500466.509999999776482,1202312.573000000091269
601398.SH,2023.12.04,4.81,4.83,4.8,4.8,4.81,-0.01,-0.2079,1531861.340000000083819,736651.082000000053085
601398.SH,2023.12.05,4.8,4.81,4.76,4.76,4.8,-0.04,-0.8333,1981988.790000000037252,948472.231000000028871
601398.SH,2023.12.06,4.76,4.76,4.700000000000001,4.700000000000001,4.76,-0.06,-1.2605,2952964.990000000223517,1394679.540000000037252
601398.SH,2023.12.07,4.700000000000001,4.75,4.68,4.730000000000001,4.700000000000001,0.03,0.6383,2347758.109999999869614,1108498.604000000050291
601398.SH,2023.12.08,4.740000000000001,4.77,4.72,4.730000000000001,4.730000000000001,0,0,1983784.010000000009313,940179.673999999999068
601398.SH,2023.12.11,4.72,4.75,4.650000000000001,4.730000000000001,4.730000000000001,0,0,2796161.93999999994412,1313136.708000000100582
601398.SH,2023.12.12,4.72,4.8,4.700000000000001,4.79,4.730000000000001,0.06,1.2685,2769037.140000000130385,1320664.344000000040978
601398.SH,2023.12.13,4.79,4.81,4.77,4.79,4.79,0,0,2490304.270000000018626,1194973.334000000031664
601398.SH,2023.12.14,4.79,4.81,4.76,4.77,4.79,-0.02,-0.4175,1521738.100000000093132,727096.831000000005587
601398.SH,2023.12.15,4.77,4.79,4.730000000000001,4.730000000000001,4.77,-0.04,-0.8386,1953904.870000000111758,929151.542000000015832
601398.SH,2023.12.18,4.730000000000001,4.8,4.71,4.77,4.730000000000001,0.04,0.8457,2380762.149999999906867,1134338.057000000029802
601398.SH,2023.12.19,4.77,4.8,4.76,4.79,4.77,0.02,0.4193,1753940.129999999888241,840048.361999999964609
601398.SH,2023.12.20,4.8,4.83,4.77,4.79,4.79,0,0,2219819.819999999832361,1066878.030000000027939
601398.SH,2023.12.21,4.780000000000001,4.8,4.730000000000001,4.79,4.79,0,0,2465344.660000000149011,1174701.828999999910593
601398.SH,2023.12.22,4.79,4.8,4.76,4.780000000000001,4.79,-0.01,-0.2088,2218555.540000000037252,1060976.699000000022351
601398.SH,2023.12.25,4.77,4.81,4.77,4.8,4.780000000000001,0.02,0.4184,1094809.350000000093132,524989.285999999963678
601398.SH,2023.12.26,4.8,4.820000000000001,4.79,4.820000000000001,4.8,0.02,0.4167,1487371.760000000009313,715555.035000000032596
601398.SH,2023.12.27,4.820000000000001,4.84,4.780000000000001,4.83,4.820000000000001,0.01,0.2075,1843188.199999999953433,886215.652000000001862
601398.SH,2023.12.28,4.83,4.85,4.77,4.77,4.83,-0.06,-1.2422,3465162.020000000018626,1664753.043999999994412
601398.SH,2023.12.29,4.780000000000001,4.8,4.77,4.780000000000001,4.77,0.01,0.2096,1800477.629999999888241,861564.197000000043772
601398.SH,2024.01.02,4.780000000000001,4.83,4.77,4.79,4.780000000000001,0.01,0.2092,2071811.110000000102445,995101.442000000039115
601398.SH,2024.01.03,4.79,4.85,4.780000000000001,4.84,4.79,0.05,1.0438,2488954.270000000018626,1201719.345999999903142
601398.SH,2024.01.04,4.84,4.900000000000001,4.83,4.89,4.84,0.05,1.0331,2865675.589999999850988,1396443.520999999949708
601398.SH,2024.01.05,4.89,4.940000000000001,4.860000000000001,4.87,4.89,-0.02,-0.409,2860747.200000000186264,1403610.997999999905005
601398.SH,2024.01.08,4.87,4.91,4.85,4.88,4.87,0.01,0.2053,3252257.279999999795109,1588242.672999999951571
601398.SH,2024.01.09,4.88,4.89,4.83,4.88,4.88,0,0,2257344.560000000055879,1097994.736999999964609
601398.SH,2024.01.10,4.87,4.91,4.83,4.85,4.88,-0.03,-0.6148,2342434.919999999925494,1138531.554999999934807
601398.SH,2024.01.11,4.84,4.85,4.77,4.780000000000001,4.85,-0.07,-1.4433,3306668.509999999776482,1587950.047000000020489
601398.SH,2024.01.12,4.77,4.83,4.76,4.81,4.780000000000001,0.03,0.6276,2300664.930000000167638,1105695.049000000115483
601398.SH,2024.01.15,4.8,4.860000000000001,4.79,4.860000000000001,4.81,0.05,1.0395,1810482.899999999906867,874409.886999999987892
601398.SH,2024.01.16,4.84,4.900000000000001,4.84,4.89,4.860000000000001,0.03,0.6173,2480399.129999999888241,1207827.030999999959021
601398.SH,2024.01.17,4.88,4.900000000000001,4.84,4.84,4.89,-0.05,-1.0225,2766317.049999999813735,1349034.066000000108033
601398.SH,2024.01.18,4.83,4.88,4.72,4.85,4.84,0.01,0.2066,5232772.950000000186264,2503424.283999999985098
601398.SH,2024.01.19,4.83,4.89,4.79,4.89,4.85,0.04,0.8247,3867215.350000000093132,1875529.372999999905005
601398.SH,2024.01.22,4.87,4.940000000000001,4.860000000000001,4.89,4.89,0,0,4420635.129999999888241,2173336.066000000108033
601398.SH,2024.01.23,4.89,4.92,4.84,4.89,4.89,0,0,3107488.100000000093132,1515560.674000000115484
601398.SH,2024.01.24,4.900000000000001,4.980000000000001,4.88,4.97,4.89,0.08,1.636,3348474.640000000130385,1650534.905000000027939
601398.SH,2024.01.25,4.980000000000001,5.05,4.97,5.01,4.97,0.04,0.8048,3437583.759999999776482,1721285.077000000048428
601398.SH,2024.01.26,5.01,5.110000000000001,4.990000000000001,5.09,5.01,0.08,1.5968,3899367.540000000037252,1970826.387000000104308
601398.SH,2024.01.29,5.08,5.200000000000001,5.08,5.160000000000001,5.09,0.07,1.3752,3844041.390000000130385,1981081.368999999947845
601398.SH,2024.01.30,5.14,5.18,5.09,5.13,5.160000000000001,-0.03,-0.5814,2914816.620000000111758,1498554.325999999884516
601398.SH,2024.01.31,5.120000000000001,5.190000000000001,5.1,5.17,5.13,0.04,0.7797,2963858.629999999888241,1525456.799000000115484
601398.SH,2024.02.01,5.150000000000001,5.200000000000001,5.13,5.14,5.17,-0.03,-0.5803,2993715.089999999850988,1544401.621999999973922
601398.SH,2024.02.02,5.14,5.200000000000001,5.09,5.17,5.14,0.03,0.5837,4075978.18999999994412,2103998.356000000145286
601398.SH,2024.02.05,5.17,5.3,5.160000000000001,5.29,5.17,0.12,2.3211,6159388.320000000298023,3242203.981999999843537
601398.SH,2024.02.06,5.29,5.38,5.27,5.320000000000001,5.29,0.03,0.5671,5649136.910000000149011,3006603.60800000000745
601398.SH,2024.02.07,5.31,5.31,5.08,5.230000000000001,5.320000000000001,-0.09,-1.6917,7753354.959999999962747,4010563.947000000160187
601398.SH,2024.02.08,5.160000000000001,5.17,5.09,5.160000000000001,5.230000000000001,-0.07,-1.3384,4653693.429999999701976,2383629.316000000108033
601398.SH,2024.02.19,5.160000000000001,5.280000000000001,5.1,5.27,5.160000000000001,0.11,2.1318,4797143.860000000335276,2503180.356000000145286
601398.SH,2024.02.20,5.27,5.360000000000001,5.230000000000001,5.35,5.27,0.08,1.518,3059780.959999999962747,1626681.256000000052154
601398.SH,2024.02.21,5.34,5.47,5.33,5.410000000000001,5.35,0.06,1.1215,3467348.930000000167638,1875270.274999999906867
601398.SH,2024.02.22,5.400000000000001,5.43,5.360000000000001,5.42,5.410000000000001,0.01,0.1848,2231278.680000000167638,1204599.969000000040978
601398.SH,2024.02.23,5.410000000000001,5.52,5.410000000000001,5.480000000000001,5.42,0.06,1.107,3583185.459999999962747,1967299.036000000080093
601398.SH,2024.02.26,5.480000000000001,5.480000000000001,5.3,5.320000000000001,5.480000000000001,-0.16,-2.9197,3677178.600000000093132,1977747.710999999893829
601398.SH,2024.02.27,5.3,5.360000000000001,5.25,5.3,5.320000000000001,-0.02,-0.3759,2940999.470000000204891,1560959.828999999910593
601398.SH,2024.02.28,5.3,5.370000000000001,5.230000000000001,5.33,5.3,0.03,0.566,3806093.950000000186264,2021720.033000000054016
601398.SH,2024.02.29,5.31,5.360000000000001,5.3,5.33,5.33,0,0,2520777.649999999906867,1342717.317999999970197
601398.SH,2024.03.28,5.34,5.35,5.22,5.25,5.360000000000001,-0.11,-2.0522,3978897.680000000167638,2091220.999000000068917
601398.SH,2024.03.29,5.25,5.33,5.230000000000001,5.280000000000001,5.25,0.03,0.5714,2298122.709999999962747,1217142.787000000011175
601398.SH,2024.03.01,5.320000000000001,5.35,5.29,5.34,5.33,0.01,0.1876,2477511.459999999962747,1317310.135999999940395
601398.SH,2024.03.04,5.320000000000001,5.34,5.280000000000001,5.320000000000001,5.34,-0.02,-0.3745,2557572.75,1359409.110000000102445
601398.SH,2024.03.05,5.320000000000001,5.480000000000001,5.3,5.46,5.320000000000001,0.14,2.6316,4298467.120000000111758,2323265.99599999981001
601398.SH,2024.03.06,5.450000000000001,5.490000000000001,5.35,5.35,5.46,-0.11,-2.0147,3527871.549999999813735,1910626.810999999986961
601398.SH,2024.03.07,5.35,5.400000000000001,5.34,5.38,5.35,0.03,0.5607,3074594.089999999850988,1650760.68999999994412
601398.SH,2024.03.08,5.370000000000001,5.400000000000001,5.34,5.39,5.38,0.01,0.1859,2472003.990000000223517,1328152.979999999981373
601398.SH,2024.03.11,5.38,5.39,5.33,5.370000000000001,5.39,-0.02,-0.3711,2243026.479999999981373,1200710.432999999960884
601398.SH,2024.03.12,5.360000000000001,5.360000000000001,5.190000000000001,5.200000000000001,5.370000000000001,-0.17,-3.1657,5117147.719999999739229,2688688.959999999962747
601398.SH,2024.03.13,5.190000000000001,5.21,5.14,5.17,5.200000000000001,-0.03,-0.5769,3003607.209999999962747,1555083.540999999968335
601398.SH,2024.03.14,5.160000000000001,5.230000000000001,5.14,5.190000000000001,5.17,0.02,0.3868,2413114.209999999962747,1253072.993999999947845
601398.SH,2024.03.15,5.190000000000001,5.240000000000001,5.190000000000001,5.21,5.190000000000001,0.02,0.3854,2258614.200000000186264,1177297.473999999929219
601398.SH,2024.03.18,5.21,5.22,5.17,5.18,5.21,-0.03,-0.5758,1911734.510000000009313,991424.880000000004656
601398.SH,2024.03.19,5.18,5.200000000000001,5.150000000000001,5.150000000000001,5.18,-0.03,-0.5792,2028046.18999999994412,1048062.765999999945051
601398.SH,2024.03.20,5.150000000000001,5.22,5.120000000000001,5.200000000000001,5.150000000000001,0.05,0.9709,2453975.990000000223517,1270999.033000000054016
601398.SH,2024.03.21,5.200000000000001,5.240000000000001,5.18,5.22,5.200000000000001,0.02,0.3846,2051062.530000000027939,1069468.122999999905005
601398.SH,2024.03.22,5.230000000000001,5.27,5.18,5.25,5.22,0.03,0.5747,2657844.339999999850988,1390667.475000000093132
601398.SH,2024.03.25,5.25,5.29,5.240000000000001,5.29,5.25,0.04,0.7619,2374081,1252612.475000000093132
601398.SH,2024.03.26,5.29,5.33,5.26,5.33,5.29,0.04,0.7561,2433596.240000000223517,1289061.750999999931082
601398.SH,2024.03.27,5.320000000000001,5.39,5.3,5.360000000000001,5.33,0.03,0.5629,2907078.549999999813735,1558334.370000000111758
601398.SH,2024.04.01,5.280000000000001,5.320000000000001,5.27,5.29,5.280000000000001,0.01,0.1894,2019199.270000000018626,1069899.178000000072643
601398.SH,2024.04.02,5.29,5.360000000000001,5.280000000000001,5.34,5.29,0.05,0.9452,3142501.339999999850988,1675629.70699999993667
601398.SH,2024.04.03,5.34,5.360000000000001,5.3,5.33,5.34,-0.01,-0.1873,2182241.330000000074505,1164487.632999999914318
601398.SH,2024.04.08,5.33,5.410000000000001,5.31,5.400000000000001,5.33,0.07,1.3133,3070468.830000000074505,1649825.520000000018626
601398.SH,2024.04.09,5.400000000000001,5.440000000000001,5.320000000000001,5.33,5.400000000000001,-0.07,-1.2963,3139150.160000000149011,1683877.064000000013038
601398.SH,2024.04.10,5.34,5.39,5.320000000000001,5.34,5.33,0.01,0.1876,2449472.470000000204891,1311190.476999999955296
601398.SH,2024.04.11,5.320000000000001,5.34,5.27,5.320000000000001,5.34,-0.02,-0.3745,2002637.550000000046566,1064148.840000000083819
601398.SH,2024.04.12,5.320000000000001,5.35,5.29,5.320000000000001,5.320000000000001,0,0,2483943.68999999994412,1321908.574000000022351
601398.SH,2024.04.15,5.33,5.43,5.33,5.42,5.320000000000001,0.1,1.8797,4012439.399999999906867,2162688.285999999847263
601398.SH,2024.04.16,5.42,5.5,5.38,5.47,5.42,0.05,0.9225,4000692.529999999795108,2183179.672999999951571
601398.SH,2024.04.17,5.450000000000001,5.52,5.39,5.5,5.47,0.03,0.5484,3322041.609999999869614,1811875.418000000063329
601398.SH,2024.04.18,5.490000000000001,5.63,5.480000000000001,5.52,5.5,0.02,0.3636,3879727.589999999850988,2153809.248999999836087
601398.SH,2024.04.19,5.5,5.59,5.5,5.55,5.52,0.03,0.5435,2559405.970000000204891,1421250.834000000031664
601398.SH,2024.04.22,5.570000000000001,5.64,5.47,5.480000000000001,5.55,-0.07,-1.2613,3275212.490000000223517,1813431.12100000004284
601398.SH,2024.04.23,5.490000000000001,5.58,5.46,5.5,5.480000000000001,0.02,0.365,3309129.669999999925494,1827802.628999999957159
601398.SH,2024.04.24,5.5,5.52,5.46,5.47,5.5,-0.03,-0.5455,2360259.75,1292875.949000000022351
601398.SH,2024.04.25,5.480000000000001,5.5,5.450000000000001,5.490000000000001,5.47,0.02,0.3656,1650745.560000000055879,903595.425000000046566
601398.SH,2024.04.26,5.490000000000001,5.54,5.39,5.400000000000001,5.490000000000001,-0.09,-1.6393,4710331.309999999590218,2563059.300999999977648
601398.SH,2024.04.29,5.39,5.440000000000001,5.34,5.38,5.400000000000001,-0.02,-0.3704,3490150.640000000130385,1882123.563000000081956
601398.SH,2024.04.30,5.370000000000001,5.450000000000001,5.360000000000001,5.43,5.38,0.05,0.9294,2601743.830000000074505,1410153.799000000115484
601398.SH,2024.05.06,5.450000000000001,5.47,5.360000000000001,5.370000000000001,5.43,-0.06,-1.105,4058714,2189241.441999999806284
601398.SH,2024.05.07,5.370000000000001,5.410000000000001,5.35,5.400000000000001,5.370000000000001,0.03,0.5587,2781631.430000000167638,1495708.239999999990686
601398.SH,2024.05.08,5.400000000000001,5.450000000000001,5.38,5.410000000000001,5.400000000000001,0.01,0.1852,2967672.330000000074505,1608594.647000000113621
601398.SH,2024.05.09,5.400000000000001,5.410000000000001,5.370000000000001,5.38,5.410000000000001,-0.03,-0.5545,2401955.979999999981373,1293993.945999999996274
601398.SH,2024.05.10,5.39,5.42,5.38,5.400000000000001,5.38,0.02,0.3717,2646861.140000000130385,1429642.027000000001862
601398.SH,2024.05.13,5.400000000000001,5.43,5.360000000000001,5.410000000000001,5.400000000000001,0.01,0.1852,2390939.560000000055879,1289851.739999999990686
601398.SH,2024.05.14,5.410000000000001,5.410000000000001,5.360000000000001,5.370000000000001,5.410000000000001,-0.04,-0.7394,2578666.930000000167638,1387229.378000000026077
601398.SH,2024.05.15,5.370000000000001,5.39,5.360000000000001,5.38,5.370000000000001,0.01,0.1862,1427081.449999999953433,766846.437000000034458
601398.SH,2024.05.16,5.370000000000001,5.42,5.360000000000001,5.410000000000001,5.38,0.03,0.5576,2971888.549999999813735,1603335.345999999903142
601398.SH,2024.05.17,5.410000000000001,5.47,5.39,5.47,5.410000000000001,0.06,1.1091,3830016.259999999776482,2079470.080000000074505
601398.SH,2024.05.20,5.47,5.530000000000001,5.440000000000001,5.46,5.47,-0.01,-0.1828,3318202.669999999925494,1817190.584999999962747
601398.SH,2024.05.21,5.46,5.51,5.440000000000001,5.5,5.46,0.04,0.7326,2736760.419999999925494,1498524.385999999940395
601398.SH,2024.05.22,5.5,5.54,5.490000000000001,5.51,5.5,0.01,0.1818,2458440.770000000018626,1356650.239999999990686
601398.SH,2024.05.23,5.52,5.530000000000001,5.47,5.490000000000001,5.51,-0.02,-0.363,2241625.379999999888241,1231956.387000000104308
601398.SH,2024.05.24,5.490000000000001,5.51,5.440000000000001,5.440000000000001,5.490000000000001,-0.05,-0.9107,2261860.850000000093132,1238699.584000000031664
601398.SH,2024.05.27,5.450000000000001,5.490000000000001,5.440000000000001,5.480000000000001,5.440000000000001,0.04,0.7353,2155681.859999999869614,1178996.874000000068917
601398.SH,2024.05.28,5.480000000000001,5.51,5.46,5.490000000000001,5.480000000000001,0.01,0.1825,1957240.149999999906867,1074148.915999999968334
601398.SH,2024.05.29,5.490000000000001,5.51,5.450000000000001,5.47,5.490000000000001,-0.02,-0.3643,2277199.459999999962747,1247889.692000000039115
601398.SH,2024.05.30,5.47,5.480000000000001,5.42,5.440000000000001,5.47,-0.03,-0.5484,2239850.680000000167638,1219754.897000000113621
601398.SH,2024.05.31,5.450000000000001,5.47,5.43,5.43,5.440000000000001,-0.01,-0.1838,2037423.139999999897554,1110323.55199999990873
601398.SH,2024.06.03,5.43,5.450000000000001,5.410000000000001,5.440000000000001,5.43,0.01,0.1842,2157727.209999999962747,1171716.314000000013038
601398.SH,2024.06.04,5.440000000000001,5.47,5.440000000000001,5.47,5.440000000000001,0.03,0.5515,1756287.959999999962747,958146.650999999954365
601398.SH,2024.06.05,5.47,5.480000000000001,5.450000000000001,5.46,5.47,-0.01,-0.1828,1889975.449999999953433,1031778.716000000014901
601398.SH,2024.06.06,5.46,5.490000000000001,5.450000000000001,5.46,5.46,0,0,2375214.459999999962747,1298076.591999999945983
601398.SH,2024.06.07,5.46,5.52,5.450000000000001,5.52,5.46,0.06,1.0989,2972943.459999999962747,1633744.047000000020489
601398.SH,2024.06.11,5.52,5.54,5.440000000000001,5.440000000000001,5.52,-0.08,-1.4493,3337614.43999999994412,1829863.372999999905005
601398.SH,2024.06.12,5.440000000000001,5.450000000000001,5.360000000000001,5.400000000000001,5.440000000000001,-0.04,-0.7353,3234761.830000000074505,1745522.080000000074505
601398.SH,2024.06.13,5.400000000000001,5.440000000000001,5.39,5.43,5.400000000000001,0.03,0.5556,1804744.5,977764.798999999999068
601398.SH,2024.06.14,5.43,5.52,5.42,5.5,5.43,0.07,1.2891,3698140.970000000204891,2027587.054999999934807
601398.SH,2024.06.17,5.490000000000001,5.5,5.400000000000001,5.43,5.5,-0.07,-1.2727,2737858.279999999795109,1489815.817999999970197
601398.SH,2024.06.18,5.42,5.46,5.39,5.450000000000001,5.43,0.02,0.3683,2010650.320000000065192,1091725.780999999959021
601398.SH,2024.06.19,5.440000000000001,5.5,5.440000000000001,5.5,5.450000000000001,0.05,0.9174,2479370.060000000055879,1360484.560000000055879
601398.SH,2024.06.20,5.5,5.52,5.480000000000001,5.52,5.5,0.02,0.3636,2133766.620000000111758,1175329.568999999901279
601398.SH,2024.06.21,5.51,5.530000000000001,5.480000000000001,5.51,5.52,-0.01,-0.1812,2248273.779999999795108,1239151.678000000072643
601398.SH,2024.06.24,5.51,5.58,5.5,5.570000000000001,5.51,0.06,1.0889,3317211.470000000204891,1839293.337999999988824
601398.SH,2024.06.25,5.56,5.610000000000001,5.55,5.6,5.570000000000001,0.03,0.5386,2924741.470000000204891,1633949.388999999966472
601398.SH,2024.06.26,5.6,5.660000000000001,5.59,5.63,5.6,0.03,0.5357,2524705.339999999850988,1420409.162000000011175
601398.SH,2024.06.27,5.62,5.71,5.6,5.700000000000001,5.63,0.07,1.2433,3156535.799999999813735,1788966.260999999940395
601398.SH,2024.06.28,5.690000000000001,5.72,5.650000000000001,5.700000000000001,5.700000000000001,0,0,2685533.359999999869614,1525746.419999999925494
601398.SH,2024.07.01,5.690000000000001,5.85,5.68,5.820000000000001,5.700000000000001,0.12,2.1053,3202846.259999999776482,1854826.33199999993667
601398.SH,2024.07.02,5.820000000000001,5.980000000000001,5.81,5.97,5.820000000000001,0.15,2.5773,3770405.330000000074505,2234061.029999999795109
601398.SH,2024.07.03,5.96,5.980000000000001,5.85,5.89,5.97,-0.08,-1.34,2743718.790000000037252,1619018.145999999949708
601398.SH,2024.07.04,5.89,5.980000000000001,5.88,5.96,5.89,0.07,1.1885,2618980.109999999869614,1556909.212000000057741
601398.SH,2024.07.05,5.96,6,5.81,5.83,5.96,-0.13,-2.1812,3993119.819999999832361,2341435.825000000186264
601398.SH,2024.07.08,5.820000000000001,5.940000000000001,5.81,5.89,5.83,0.06,1.0292,2883648.819999999832361,1699967.172000000020489
601398.SH,2024.07.09,5.89,5.940000000000001,5.85,5.940000000000001,5.89,0.05,0.8489,2955343.18999999994412,1746477.243999999947845
601398.SH,2024.07.10,5.940000000000001,6.01,5.940000000000001,6,5.940000000000001,0.06,1.0101,2876301.330000000074505,1720936.652999999932944
601398.SH,2024.07.11,6,6,5.860000000000001,5.93,6,-0.07,-1.1667,3767984.729999999981373,2229396.342999999877065
601398.SH,2024.07.12,5.92,6.1,5.91,6.08,5.93,0.15,2.5295,4009672.810000000055879,2418946.580999999772757
601398.SH,2024.07.15,6.09,6.240000000000001,6.06,6.200000000000001,6.08,0.12,1.9737,4289582.59999999962747,2640918.177000000141561
601398.SH,2024.07.16,5.92,5.97,5.83,5.89,5.89,0,0,5035591.209999999962747,2966243.649000000208616
601398.SH,2024.07.17,5.88,5.940000000000001,5.84,5.91,5.89,0.02,0.3396,3218991.850000000093132,1898464.087999999988824
601398.SH,2024.07.18,5.900000000000001,5.92,5.860000000000001,5.91,5.91,0,0,2553864.180000000167638,1505808.655000000027939
601398.SH,2024.07.19,5.900000000000001,5.92,5.820000000000001,5.91,5.91,0,0,3601439.720000000204891,2112440.788000000175088
601398.SH,2024.07.22,5.88,5.89,5.76,5.84,5.91,-0.07,-1.1844,3230606.569999999832361,1879506.55199999990873
601398.SH,2024.07.23,5.820000000000001,6.06,5.81,6.01,5.84,0.17,2.911,5081438.089999999850988,3034821.327000000048428
601398.SH,2024.07.24,6,6.110000000000001,5.990000000000001,6.06,6.01,0.05,0.8319,3184497.850000000093132,1929595.590000000083819
601398.SH,2024.07.25,6.05,6.120000000000001,5.97,6.06,6.06,0,0,4114786.680000000167638,2488088.459999999962747
601398.SH,2024.07.26,6.05,6.070000000000001,5.860000000000001,5.93,6.06,-0.13,-2.1452,4159456.310000000055879,2462785.200000000186264
601398.SH,2024.07.29,5.92,5.980000000000001,5.84,5.980000000000001,5.93,0.05,0.8432,2618931.270000000018626,1555917.030999999959021
601398.SH,2024.07.30,5.97,6.030000000000001,5.91,5.990000000000001,5.980000000000001,0.01,0.1672,2495335.089999999850988,1490211.570999999996274
601398.SH,2024.07.31,5.980000000000001,6.01,5.83,5.85,5.990000000000001,-0.14,-2.3372,4614729.589999999850988,2712777.024000000208616
601398.SH,2024.08.01,5.83,5.91,5.730000000000001,5.88,5.85,0.03,0.5128,3731393.970000000204891,2178941.279000000096857
601398.SH,2024.08.02,5.85,5.92,5.83,5.88,5.88,0,0,2814158.490000000223517,1655728.28499999991618
601398.SH,2024.08.05,5.88,5.950000000000001,5.83,5.87,5.88,-0.01,-0.1701,3195446.310000000055879,1883504.218000000109896
601398.SH,2024.08.06,5.88,5.89,5.780000000000001,5.8,5.87,-0.07,-1.1925,2754700.370000000111758,1604677.489999999990686
601398.SH,2024.08.07,5.820000000000001,5.88,5.8,5.820000000000001,5.8,0.02,0.3448,2270152.18999999994412,1326499.665000000037252
601398.SH,2024.08.08,5.83,5.88,5.81,5.87,5.820000000000001,0.05,0.8591,1871759.429999999934807,1095813.85800000000745
601398.SH,2024.08.09,5.87,5.93,5.84,5.92,5.87,0.05,0.8518,1850788.050000000046566,1091650.499000000068917
601398.SH,2024.08.12,5.92,6.02,5.91,5.990000000000001,5.92,0.07,1.1824,2258478.359999999869614,1350053.506999999983236
601398.SH,2024.08.13,5.990000000000001,6.08,5.93,6,5.990000000000001,0.01,0.1669,2404186.93999999994412,1445004.523000000044703
601398.SH,2024.08.14,5.980000000000001,6.04,5.97,6.02,6,0.02,0.3333,1880448.149999999906867,1129757.321999999927356
601398.SH,2024.08.15,6.02,6.06,6,6.05,6.02,0.03,0.4983,2067400.739999999990686,1247677.389999999897554
601398.SH,2024.08.16,6.05,6.150000000000001,6.030000000000001,6.14,6.05,0.09,1.4876,2701940.419999999925494,1647386.713999999919906
601398.SH,2024.08.19,6.14,6.29,6.1,6.27,6.14,0.13,2.1173,3388635.140000000130385,2104346.757000000216066
601398.SH,2024.08.20,6.26,6.400000000000001,6.25,6.39,6.27,0.12,1.9139,3995974.200000000186264,2534261.643000000156462
601398.SH,2024.08.21,6.35,6.360000000000001,6.25,6.3,6.39,-0.09,-1.4085,3315883.200000000186264,2088630.841999999945983
601398.SH,2024.08.22,6.29,6.440000000000001,6.29,6.42,6.3,0.12,1.9048,3502301.549999999813735,2236501.391999999992549
601398.SH,2024.08.23,6.42,6.480000000000001,6.35,6.46,6.42,0.04,0.6231,2656574.200000000186264,1706372.379999999888241
601398.SH,2024.08.26,6.440000000000001,6.47,6.35,6.43,6.46,-0.03,-0.4644,2673110.890000000130385,1712684.370000000111758
601398.SH,2024.08.27,6.42,6.55,6.410000000000001,6.530000000000001,6.43,0.1,1.5552,3232496.43999999994412,2103729.870000000111758
601398.SH,2024.08.28,6.530000000000001,6.570000000000001,6.440000000000001,6.490000000000001,6.530000000000001,-0.04,-0.6126,3147225.129999999888241,2043853.154000000096857
601398.SH,2024.08.29,6.480000000000001,6.490000000000001,6.200000000000001,6.22,6.490000000000001,-0.27,-4.1602,5573147.459999999962747,3505246.234000000171363
601398.SH,2024.08.30,6.18,6.240000000000001,5.96,5.980000000000001,6.22,-0.24,-3.8585,8807823.470000000670552,5320880.798999999649822
601398.SH,2024.09.02,5.900000000000001,6,5.88,5.940000000000001,5.980000000000001,-0.04,-0.6689,5682401.730000000447034,3379236.044000000227242
601398.SH,2024.09.03,5.93,5.950000000000001,5.68,5.76,5.940000000000001,-0.18,-3.0303,6486401.290000000037252,3742967.424000000115483
601398.SH,2024.09.04,5.72,5.780000000000001,5.660000000000001,5.71,5.76,-0.05,-0.8681,3923314.350000000093132,2240822.276999999769032
601398.SH,2024.09.05,5.700000000000001,5.730000000000001,5.6,5.63,5.71,-0.08,-1.4011,3835307.75,2163978.35800000000745
601398.SH,2024.09.06,5.63,5.730000000000001,5.62,5.64,5.63,0.01,0.1776,2906968.120000000111758,1651910.318999999901279
601398.SH,2024.09.09,5.63,5.650000000000001,5.51,5.610000000000001,5.64,-0.03,-0.5319,2821267.040000000037252,1576623.851000000024214
601398.SH,2024.09.10,5.610000000000001,5.72,5.6,5.67,5.610000000000001,0.06,1.0695,3683432.319999999832361,2088218.472000000067055
601398.SH,2024.09.11,5.660000000000001,5.67,5.5,5.54,5.67,-0.13,-2.2928,3597633.839999999850988,1999982.570999999996274
601398.SH,2024.09.12,5.51,5.56,5.450000000000001,5.54,5.54,0,0,2868535.629999999888241,1582711.060999999986961
601398.SH,2024.09.13,5.54,5.58,5.52,5.56,5.54,0.02,0.361,2340486.959999999962747,1301691.997999999905005
601398.SH,2024.09.18,5.570000000000001,5.68,5.570000000000001,5.68,5.56,0.12,2.1583,2468394.040000000037252,1391412.406999999890103
601398.SH,2024.09.19,5.690000000000001,5.71,5.58,5.650000000000001,5.68,-0.03,-0.5282,2809968.060000000055879,1583072.175000000046566
601398.SH,2024.09.20,5.660000000000001,5.690000000000001,5.62,5.67,5.650000000000001,0.02,0.354,2828323.209999999962747,1602117.689000000013038
601398.SH,2024.09.23,5.660000000000001,5.740000000000001,5.62,5.72,5.67,0.05,0.8818,2270376.870000000111758,1292978.895000000018626
601398.SH,2024.09.24,5.75,6,5.730000000000001,6,5.72,0.28,4.895100000000001,6052048.990000000223517,3559231.106999999843537
601398.SH,2024.09.25,6.09,6.22,5.97,6.04,6,0.04,0.6667,6298208.290000000037252,3830867.833000000100582
601398.SH,2024.09.26,6.04,6.21,6,6.200000000000001,6.04,0.16,2.649,5216743.730000000447034,3190823.779000000096857
601398.SH,2024.09.27,6.25,6.34,5.92,6.01,6.200000000000001,-0.19,-3.0645,6872092.709999999962747,4133669.632000000216066
601398.SH,2024.09.30,6.01,6.31,5.83,6.18,6.01,0.17,2.8286,16161741.830000000074505,9720369.05100000090897
601398.SH,2024.10.08,6.5,6.660000000000001,6.04,6.120000000000001,6.18,-0.06,-0.9709,16882261.719999998807907,10602986.872999999672174
601398.SH,2024.10.09,6.06,6.17,5.980000000000001,6.04,6.120000000000001,-0.08,-1.3072,10090717.81000000052154,6133595.303000000305473
601398.SH,2024.10.10,6.05,6.400000000000001,6.04,6.27,6.04,0.23,3.8079,10915281.470000000670552,6791738.966000000014901
601398.SH,2024.10.11,6.25,6.39,6.200000000000001,6.27,6.27,0,0,5299528.28000000026077,3337751.10399999981746
601398.SH,2024.10.14,6.320000000000001,6.5,6.320000000000001,6.47,6.27,0.2,3.1898,7899211.179999999701976,5078881.016999999992549
601398.SH,2024.10.15,6.43,6.450000000000001,6.26,6.26,6.47,-0.21,-3.2457,4927691.570000000298023,3131385.265000000130385
601398.SH,2024.10.16,6.230000000000001,6.400000000000001,6.22,6.360000000000001,6.26,0.1,1.5974,4146145.799999999813735,2634359.938999999780207
601398.SH,2024.10.17,6.35,6.400000000000001,6.29,6.29,6.360000000000001,-0.07,-1.1006,3280813.169999999925494,2079129.206000000005587
601398.SH,2024.10.18,6.29,6.360000000000001,6.21,6.320000000000001,6.29,0.03,0.4769,5144521.809999999590218,3236239.70699999993667
601398.SH,2024.10.21,6.29,6.29,6.14,6.160000000000001,6.320000000000001,-0.16,-2.5316,5684649.070000000298023,3510955.376000000163912
601398.SH,2024.10.22,6.17,6.21,6.110000000000001,6.14,6.160000000000001,-0.02,-0.3247,4312714.790000000037252,2648200.618999999947845
601398.SH,2024.10.23,6.14,6.160000000000001,6.110000000000001,6.14,6.14,0,0,3068544.790000000037252,1883772.583000000100582
601398.SH,2024.10.24,6.13,6.200000000000001,6.120000000000001,6.160000000000001,6.14,0.02,0.3257,2887894.770000000018626,1778302.540999999968335
601398.SH,2024.10.25,6.150000000000001,6.17,6.1,6.120000000000001,6.160000000000001,-0.04,-0.6494,2845289.990000000223517,1742297.128000000026077
601398.SH,2024.10.28,6.110000000000001,6.110000000000001,6.030000000000001,6.070000000000001,6.120000000000001,-0.05,-0.817,3295363.709999999962747,1995022.236999999964609
601398.SH,2024.10.29,6.070000000000001,6.110000000000001,6.05,6.06,6.070000000000001,-0.01,-0.1647,2938607.040000000037252,1785953.20699999993667
601398.SH,2024.10.30,6.05,6.08,6,6.01,6.06,-0.05,-0.8251,3054120.040000000037252,1839999.983999999938532
601398.SH,2024.10.31,6.04,6.1,6.01,6.04,6.01,0.03,0.4992,3052879.979999999981373,1844805.161000000080093
601398.SH,2024.11.01,6.04,6.150000000000001,6.030000000000001,6.150000000000001,6.04,0.11,1.8212,4512379.25,2760339.811999999918043
601398.SH,2024.11.04,6.150000000000001,6.150000000000001,6.05,6.13,6.150000000000001,-0.02,-0.3252,3180604.580000000074505,1937583.729999999981373
601398.SH,2024.11.05,6.1,6.150000000000001,6.09,6.150000000000001,6.13,0.02,0.3263,3125107.810000000055879,1914855.699000000022351
601398.SH,2024.11.06,6.13,6.150000000000001,6.070000000000001,6.09,6.150000000000001,-0.06,-0.9756,3450231.149999999906867,2106283.782999999821186
601398.SH,2024.11.07,6.08,6.150000000000001,6.06,6.150000000000001,6.09,0.06,0.9852,3794487.629999999888241,2318559.913000000175088
601398.SH,2024.11.08,6.150000000000001,6.17,6.1,6.110000000000001,6.150000000000001,-0.04,-0.6504,3300424.359999999869614,2021389.760999999940395
601398.SH,2024.11.11,6.08,6.09,6.02,6.04,6.110000000000001,-0.07,-1.1457,3987301.709999999962747,2410772.376999999862164
601398.SH,2024.11.12,6.04,6.070000000000001,6,6,6.04,-0.04,-0.6623,3292741.549999999813735,1984275.395999999949708
601398.SH,2024.11.13,6,6.070000000000001,5.980000000000001,6.04,6,0.04,0.6667,3438857.919999999925494,2075207.458000000100582
601398.SH,2024.11.14,6.030000000000001,6.1,6.01,6.070000000000001,6.04,0.03,0.4967,3735264.839999999850988,2271181.109999999869614
601398.SH,2024.11.15,6.06,6.110000000000001,6.030000000000001,6.05,6.070000000000001,-0.02,-0.3295,3845232.75,2337086.118999999947845
601398.SH,2024.11.18,6.08,6.240000000000001,6.070000000000001,6.190000000000001,6.05,0.14,2.314,6932424.799999999813735,4282442.406000000424683
601398.SH,2024.11.19,6.18,6.22,6.070000000000001,6.150000000000001,6.190000000000001,-0.04,-0.6462,4294987.09999999962747,2648795.350999999791383
601398.SH,2024.11.20,6.13,6.18,6.120000000000001,6.14,6.150000000000001,-0.01,-0.1626,2682420.569999999832361,1649596.256000000052154
601398.SH,2024.11.21,6.13,6.150000000000001,6.110000000000001,6.13,6.14,-0.01,-0.1629,1809107.030000000027939,1107466.760999999940395
601398.SH,2024.11.22,6.14,6.150000000000001,6.05,6.05,6.13,-0.08,-1.3051,2978202.810000000055879,1814510.786000000080093
601398.SH,2024.11.25,6.06,6.13,6.05,6.070000000000001,6.05,0.02,0.3306,2903722.069999999832361,1770698.66400000010617
601398.SH,2024.11.26,6.070000000000001,6.18,6.05,6.160000000000001,6.070000000000001,0.09,1.4827,3300041.490000000223517,2021400.612999999895691
601398.SH,2024.11.27,6.150000000000001,6.22,6.14,6.200000000000001,6.160000000000001,0.04,0.6494,2883173.759999999776482,1783808.193999999901279
601398.SH,2024.11.28,6.190000000000001,6.22,6.150000000000001,6.190000000000001,6.200000000000001,-0.01,-0.1613,2018400.110000000102445,1248696.415000000037252
601398.SH,2024.11.29,6.190000000000001,6.230000000000001,6.14,6.150000000000001,6.190000000000001,-0.04,-0.6462,2906465.129999999888241,1796519.084000000031664
601398.SH,2024.12.02,6.160000000000001,6.160000000000001,6.1,6.13,6.150000000000001,-0.02,-0.3252,2417479.890000000130385,1480654.067000000039115
601398.SH,2024.12.03,6.13,6.21,6.120000000000001,6.21,6.13,0.08,1.3051,3385172.029999999795109,2090169.389999999897554
601398.SH,2024.12.04,6.21,6.280000000000001,6.17,6.26,6.21,0.05,0.8052,3572315.310000000055879,2228037.037000000011175
601398.SH,2024.12.05,6.25,6.33,6.230000000000001,6.26,6.26,0,0,2645283.22000000020489,1659231.378000000026077
601398.SH,2024.12.06,6.26,6.34,6.25,6.320000000000001,6.26,0.06,0.9585,3119630.370000000111758,1968098.516000000061467
601398.SH,2024.12.09,6.3,6.370000000000001,6.280000000000001,6.320000000000001,6.320000000000001,0,0,3127432.959999999962747,1982868.639999999897554
601398.SH,2024.12.10,6.35,6.450000000000001,6.33,6.42,6.320000000000001,0.1,1.5823,4372946.049999999813735,2792561.33199999993667
601398.SH,2024.12.11,6.400000000000001,6.450000000000001,6.3,6.31,6.42,-0.11,-1.7134,3870003.359999999869614,2461585.209999999962747
601398.SH,2024.12.12,6.320000000000001,6.42,6.31,6.42,6.31,0.11,1.7433,2901844.740000000223517,1851706.027999999932944
601398.SH,2024.12.13,6.400000000000001,6.450000000000001,6.360000000000001,6.39,6.42,-0.03,-0.4673,3890984.410000000149011,2494595.254000000189989
601398.SH,2024.12.16,6.39,6.58,6.38,6.530000000000001,6.39,0.14,2.1909,4715725.940000000409782,3074595.962999999988824
601398.SH,2024.12.17,6.52,6.59,6.51,6.51,6.530000000000001,-0.02,-0.3063,3138477.22000000020489,2053036.753000000026077
601398.SH,2024.12.18,6.54,6.650000000000001,6.530000000000001,6.59,6.51,0.08,1.2289,3489424.529999999795108,2301576.368999999947845
601398.SH,2024.12.19,6.570000000000001,6.610000000000001,6.480000000000001,6.490000000000001,6.59,-0.1,-1.5175,3615285.109999999869614,2360581.313000000081956
601398.SH,2024.12.20,6.5,6.610000000000001,6.5,6.530000000000001,6.490000000000001,0.04,0.6163,3765488.419999999925494,2467195.131000000052154
601398.SH,2024.12.23,6.530000000000001,6.76,6.530000000000001,6.700000000000001,6.530000000000001,0.17,2.6034,4871100.269999999552965,3253676.274999999906867
601398.SH,2024.12.24,6.71,6.79,6.650000000000001,6.780000000000001,6.700000000000001,0.08,1.194,4641473.679999999701976,3126875.532000000122934
601398.SH,2024.12.25,6.77,7.04,6.76,6.940000000000001,6.780000000000001,0.16,2.3599,6360901.320000000298023,4411842.457000000402331
601398.SH,2024.12.26,6.940000000000001,6.940000000000001,6.79,6.93,6.940000000000001,-0.01,-0.1441,4872522.639999999664723,3343500.77199999988079
601398.SH,2024.12.27,6.89,6.940000000000001,6.76,6.92,6.93,-0.01,-0.1443,5107040.59999999962747,3503590.981999999843537
601398.SH,2024.12.30,6.88,7,6.87,6.950000000000001,6.92,0.03,0.4335,4823303.169999999925494,3342787.449000000022351
601398.SH,2024.12.31,6.940000000000001,7.030000000000001,6.900000000000001,6.92,6.950000000000001,-0.03,-0.4317,5209801.740000000223517,3632600.717999999877065
601398.SH,2025.01.02,6.91,6.980000000000001,6.76,6.8,6.92,-0.12,-1.7341,5314824.650000000372529,3636887.200000000186264
601398.SH,2025.01.03,6.81,6.83,6.62,6.71,6.8,-0.09,-1.3235,5210739.860000000335276,3493034.296999999787658
601398.SH,2025.01.06,6.71,6.780000000000001,6.59,6.75,6.71,0.04,0.5961,4742246.519999999552965,3180308.148000000044703
601398.SH,2025.01.07,6.610000000000001,6.71,6.56,6.690000000000001,6.610000000000001,0.08,1.2103,3820217.770000000018626,2534162.279000000096857
601398.SH,2025.01.08,6.690000000000001,6.84,6.67,6.76,6.690000000000001,0.07,1.0463,3996842.839999999850988,2703647.490999999921768
601398.SH,2025.01.09,6.76,6.77,6.660000000000001,6.71,6.76,-0.05,-0.7396,2367234.18999999994412,1589593.952000000048428
601398.SH,2025.01.10,6.72,6.740000000000001,6.6,6.67,6.71,-0.04,-0.5961,2620257.879999999888241,1748468.962999999988824
601398.SH,2025.01.13,6.660000000000001,6.67,6.490000000000001,6.6,6.67,-0.07,-1.0495,3306032.819999999832361,2177310.839999999850988
601398.SH,2025.01.14,6.59,6.650000000000001,6.56,6.610000000000001,6.6,0.01,0.1515,3418852.640000000130385,2259932.308999999891966
601398.SH,2025.01.15,6.6,6.730000000000001,6.58,6.63,6.610000000000001,0.02,0.3026,3075982.740000000223517,2046662.18100000009872
601398.SH,2025.01.16,6.64,6.690000000000001,6.570000000000001,6.68,6.63,0.05,0.7541,2674681.379999999888241,1778119.56499999994412
601398.SH,2025.01.17,6.67,6.700000000000001,6.6,6.610000000000001,6.68,-0.07,-1.0479,2781346.350000000093132,1846159.115999999921768
601398.SH,2025.01.20,6.62,6.63,6.56,6.570000000000001,6.610000000000001,-0.04,-0.6051,2273622.560000000055879,1498234.58199999993667
601398.SH,2025.01.21,6.58,6.610000000000001,6.52,6.55,6.570000000000001,-0.02,-0.3044,2157435.370000000111758,1417436.127000000094994
601398.SH,2025.01.22,6.54,6.56,6.400000000000001,6.440000000000001,6.55,-0.11,-1.6794,4111693.629999999888241,2658494.737999999895691
601398.SH,2025.01.23,6.480000000000001,6.690000000000001,6.480000000000001,6.660000000000001,6.440000000000001,0.22,3.4161,5446820.03000000026077,3602828.422999999951571
601398.SH,2025.01.24,6.67,6.72,6.570000000000001,6.67,6.660000000000001,0.01,0.1502,3282052.109999999869614,2189475.262000000104308
601398.SH,2025.01.27,6.68,6.85,6.68,6.820000000000001,6.67,0.15,2.2489,3718662.18999999994412,2529075.691000000108033
601398.SH,2025.02.05,6.820000000000001,6.84,6.68,6.690000000000001,6.820000000000001,-0.13,-1.9062,3305406.169999999925494,2222211.104999999981373
601398.SH,2025.02.06,6.700000000000001,6.76,6.650000000000001,6.690000000000001,6.690000000000001,0,0,2644237.25,1768795.000999999931082
601398.SH,2025.02.07,6.67,6.690000000000001,6.610000000000001,6.690000000000001,6.690000000000001,0,0,3676439,2445156.830000000074505
601398.SH,2025.02.10,6.660000000000001,6.740000000000001,6.64,6.67,6.690000000000001,-0.02,-0.299,3119268.330000000074505,2088870.492000000085681
601398.SH,2025.02.11,6.68,6.820000000000001,6.68,6.820000000000001,6.67,0.15,2.2489,3941954.100000000093132,2664073.222000000067055
601398.SH,2025.02.12,6.81,6.92,6.730000000000001,6.900000000000001,6.820000000000001,0.08,1.173,3257811.479999999981373,2231545.257999999914318
601398.SH,2025.02.13,6.89,6.990000000000001,6.87,6.96,6.900000000000001,0.06,0.8696,2945244.259999999776482,2045526.566000000108033
601398.SH,2025.02.14,6.96,7,6.900000000000001,6.990000000000001,6.96,0.03,0.431,2531577.910000000149011,1759162.06499999994412
601398.SH,2025.02.17,6.980000000000001,7,6.91,6.96,6.990000000000001,-0.03,-0.4292,2713460.029999999795109,1885698.489000000059604
601398.SH,2025.02.18,6.950000000000001,7.14,6.940000000000001,7.09,6.96,0.13,1.8678,3975121.350000000093132,2808344.231999999843537
601398.SH,2025.02.19,7.08,7.120000000000001,7.030000000000001,7.05,7.09,-0.04,-0.5642,3220723.430000000167638,2274371.586000000126659
601398.SH,2025.02.20,7.04,7.09,7,7.08,7.05,0.03,0.4255,2513266.560000000055879,1772394.38800000003539
601398.SH,2025.02.21,7.06,7.070000000000001,6.91,6.93,7.08,-0.15,-2.1186,5772098,4021172.958999999798834
601398.SH,2025.02.24,6.900000000000001,6.940000000000001,6.820000000000001,6.89,6.93,-0.04,-0.5772,4373309.84999999962747,3008552.845999999903142
601398.SH,2025.02.25,6.89,6.93,6.83,6.860000000000001,6.89,-0.03,-0.4354,3139844.75,2159709.476999999955296
601398.SH,2025.02.26,6.860000000000001,6.940000000000001,6.84,6.88,6.860000000000001,0.02,0.2915,3293700.100000000093132,2269557.030999999959021
601398.SH,2025.02.27,6.860000000000001,6.950000000000001,6.76,6.93,6.88,0.05,0.7267,4391902.339999999850988,3015352.62099999981001
601398.SH,2025.02.28,6.900000000000001,6.980000000000001,6.87,6.87,6.93,-0.06,-0.8658,4315896.200000000186264,2985870.129000000189989
601398.SH,2025.03.03,6.87,6.89,6.780000000000001,6.85,6.87,-0.02,-0.2911,3964019.25,2705652.927000000141561
601398.SH,2025.03.04,6.820000000000001,6.84,6.780000000000001,6.780000000000001,6.85,-0.07,-1.0219,3436561.709999999962747,2336781.174999999813735
601398.SH,2025.03.05,6.77,6.900000000000001,6.730000000000001,6.87,6.780000000000001,0.09,1.3274,4599123.59999999962747,3147082.336999999824911
601398.SH,2025.03.06,6.85,6.860000000000001,6.79,6.83,6.87,-0.04,-0.5822,3656712.049999999813735,2495349.516999999992549
601398.SH,2025.03.07,6.83,6.85,6.79,6.8,6.83,-0.03,-0.4392,3223755.779999999795108,2195284.348000000230967
601398.SH,2025.03.10,6.79,6.8,6.72,6.740000000000001,6.8,-0.06,-0.8824,3242116.470000000204891,2186689.995000000111758
601398.SH,2025.03.11,6.72,6.780000000000001,6.72,6.780000000000001,6.740000000000001,0.04,0.5935,2680002.410000000149011,1809114.543000000063329
601398.SH,2025.03.12,6.76,6.77,6.700000000000001,6.72,6.780000000000001,-0.06,-0.885,3177702.180000000167638,2135384.158999999985098
601398.SH,2025.03.13,6.72,6.77,6.700000000000001,6.730000000000001,6.72,0.01,0.1488,2572950.169999999925494,1734795.847000000067055
601398.SH,2025.03.14,6.72,6.81,6.72,6.75,6.730000000000001,0.02,0.2972,4890721.290000000037252,3311312.294999999925494
601398.SH,2025.03.17,6.75,6.83,6.740000000000001,6.81,6.75,0.06,0.8889,3586198.279999999795109,2436756.611000000033527
601398.SH,2025.03.18,6.83,6.84,6.77,6.8,6.81,-0.01,-0.1468,2369528.100000000093132,1611444.862999999895691
601398.SH,2025.03.19,6.81,6.88,6.8,6.87,6.8,0.07,1.0294,3032694.200000000186264,2077764.02600000007078
601398.SH,2025.03.20,6.87,6.92,6.81,6.84,6.87,-0.03,-0.4367,3008452.410000000149011,2058985.286000000080093
601398.SH,2025.03.21,6.820000000000001,6.85,6.75,6.76,6.84,-0.08,-1.1696,3087991.229999999981373,2096634.445999999996274
601398.SH,2025.03.24,6.76,6.85,6.76,6.820000000000001,6.76,0.06,0.8876,3060401.68999999994412,2084392.843000000109896
601398.SH,2025.03.25,6.83,6.87,6.81,6.85,6.820000000000001,0.03,0.4399,2318056.720000000204891,1587419.428000000072643
601398.SH,2025.03.26,6.860000000000001,6.88,6.81,6.83,6.85,-0.02,-0.292,2337800.879999999888241,1598912.18999999994412
601398.SH,2025.03.27,6.820000000000001,6.89,6.820000000000001,6.87,6.83,0.04,0.5857,2580278.100000000093132,1771784.347999999998137
601398.SH,2025.03.28,6.860000000000001,6.88,6.83,6.88,6.87,0.01,0.1456,2128381.479999999981373,1458086.736999999964609
601398.SH,2025.03.31,6.88,6.940000000000001,6.8,6.89,6.88,0.01,0.1453,4071337.790000000037252,2804461.03899999987334
601398.SH,2025.04.01,6.87,6.900000000000001,6.780000000000001,6.8,6.89,-0.09,-1.3062,4284291.190000000409781,2917602.552999999839812
601398.SH,2025.04.02,6.79,6.860000000000001,6.780000000000001,6.85,6.8,0.05,0.7353,3099744.339999999850988,2116421.299999999813735
601398.SH,2025.04.03,6.820000000000001,6.900000000000001,6.820000000000001,6.89,6.85,0.04,0.5839,3061668.810000000055879,2102242.324000000022351
601398.SH,2025.04.07,6.8,6.820000000000001,6.6,6.76,6.89,-0.13,-1.8868,8491567.259999999776482,5702039.105999999679625
601398.SH,2025.04.08,6.700000000000001,6.84,6.68,6.820000000000001,6.76,0.06,0.8876,6712678.309999999590218,4544166.472000000067055
601398.SH,2025.04.09,6.79,6.89,6.740000000000001,6.8,6.820000000000001,-0.02,-0.2933,5661687.700000000186264,3844424.813000000081956
601398.SH,2025.04.10,6.8,6.8,6.730000000000001,6.75,6.8,-0.05,-0.7353,4013375.080000000074505,2710599.654999999795108
601398.SH,2025.04.11,6.76,6.8,6.72,6.8,6.75,0.05,0.7407,3475544.770000000018626,2348002.467999999877065
601398.SH,2025.04.14,6.780000000000001,6.900000000000001,6.77,6.87,6.8,0.07,1.0294,4394042.219999999739229,3007411.464999999850988
601398.SH,2025.04.15,6.87,6.97,6.860000000000001,6.96,6.87,0.09,1.31,3841790.129999999888241,2662998.736000000033527
601398.SH,2025.04.16,6.96,7.06,6.93,7.06,6.96,0.1,1.4368,4132402.270000000018626,2892689.930000000167638
601398.SH,2025.04.17,7.05,7.08,6.96,7.05,7.06,-0.01,-0.1416,2639188.350000000093132,1851782.418999999994412
601398.SH,2025.04.18,7.04,7.17,7.030000000000001,7.14,7.05,0.09,1.2766,3884345.299999999813735,2766835.231999999843537
601398.SH,2025.04.21,7.13,7.25,7.05,7.05,7.14,-0.09,-1.2605,3742983.830000000074505,2668689.810000000055879
601398.SH,2025.04.22,7.05,7.160000000000001,7.04,7.150000000000001,7.05,0.1,1.4184,2997870.959999999962747,2134511.557000000029802
601398.SH,2025.04.23,7.14,7.17,7.070000000000001,7.110000000000001,7.150000000000001,-0.04,-0.5594,2569772.810000000055879,1828680.837999999988824
601398.SH,2025.04.24,7.09,7.29,7.09,7.240000000000001,7.110000000000001,0.13,1.8284,3576108.700000000186264,2578423.054000000003725
601398.SH,2025.04.25,7.25,7.31,7.17,7.21,7.240000000000001,-0.03,-0.4144,2326019.759999999776482,1680542.605999999912455
601398.SH,2025.04.28,7.22,7.34,7.22,7.29,7.21,0.08,1.1096,2853765.799999999813735,2081021.041999999899417
601398.SH,2025.04.29,7.3,7.33,7.240000000000001,7.27,7.29,-0.02,-0.2743,2179737.890000000130385,1585106.864999999990686
601398.SH,2025.04.30,7.22,7.230000000000001,6.97,7.01,7.27,-0.26,-3.5763,6449971.309999999590218,4547350.160000000149011
601398.SH,2025.05.06,7.01,7.030000000000001,6.93,6.980000000000001,7.01,-0.03,-0.428,3663740.620000000111758,2553328.28899999987334
601398.SH,2025.05.07,7.01,7.110000000000001,6.97,7.110000000000001,6.980000000000001,0.13,1.8625,4336456.240000000223517,3063562.853000000119209
601398.SH,2025.05.08,7.09,7.17,7.08,7.110000000000001,7.110000000000001,0,0,2837120.759999999776482,2017330.424000000115483
601398.SH,2025.05.09,7.1,7.230000000000001,7.1,7.17,7.110000000000001,0.06,0.8439,3121965.479999999981373,2237795.765999999828636
601398.SH,2025.05.12,7.150000000000001,7.18,7.110000000000001,7.160000000000001,7.17,-0.01,-0.1395,2702769.879999999888241,1932351.708000000100582
601398.SH,2025.05.13,7.160000000000001,7.25,7.120000000000001,7.230000000000001,7.160000000000001,0.07,0.9777,2767459.459999999962747,1994786.847000000067055
601398.SH,2025.05.14,7.230000000000001,7.280000000000001,7.200000000000001,7.230000000000001,7.230000000000001,0,0,2868697.060000000055879,2076209.236999999964609
601398.SH,2025.05.15,7.230000000000001,7.29,7.22,7.27,7.230000000000001,0.04,0.5533,2702620.629999999888241,1961219.203999999910593
601398.SH,2025.05.16,7.26,7.3,7.120000000000001,7.160000000000001,7.27,-0.11,-1.5131,3935141.310000000055879,2821005.776999999769032
601398.SH,2025.05.19,7.160000000000001,7.200000000000001,7.110000000000001,7.120000000000001,7.160000000000001,-0.04,-0.5587,2566690.580000000074505,1835179.445000000065192
601398.SH,2025.05.20,7.14,7.160000000000001,7.1,7.13,7.120000000000001,0.01,0.1404,1976912.459999999962747,1409121.067000000039115
601398.SH,2025.05.21,7.13,7.190000000000001,7.110000000000001,7.14,7.13,0.01,0.1403,2540712.779999999795108,1817575.023000000044703
601398.SH,2025.05.22,7.150000000000001,7.160000000000001,7.1,7.120000000000001,7.14,-0.02,-0.2801,2940759.109999999869614,2095825.510999999940395
601398.SH,2025.05.23,7.120000000000001,7.150000000000001,7.070000000000001,7.08,7.120000000000001,-0.04,-0.5618,3169188.22000000020489,2250187.441000000108033
601398.SH,2025.05.26,7.08,7.1,7.030000000000001,7.05,7.08,-0.03,-0.4237,2876449.990000000223517,2031163.196999999927356
601398.SH,2025.05.27,7.05,7.09,7.04,7.06,7.05,0.01,0.1418,1825202.330000000074505,1290694.506999999983236
601398.SH,2025.05.28,7.06,7.08,7.02,7.05,7.06,-0.01,-0.1416,1710175.459999999962747,1204153.101999999955296
601398.SH,2025.05.29,7.05,7.070000000000001,7.02,7.04,7.05,-0.01,-0.1418,1934698.560000000055879,1361048.215000000083819
601398.SH,2025.05.30,7.05,7.120000000000001,7.02,7.070000000000001,7.04,0.03,0.4261,3467599.350000000093132,2453474.444999999832361
601398.SH,2025.06.03,7.05,7.13,7.04,7.110000000000001,7.070000000000001,0.04,0.5658,2728118.109999999869614,1935871.377000000094994
601398.SH,2025.06.04,7.110000000000001,7.120000000000001,7.06,7.08,7.110000000000001,-0.03,-0.4219,2118975.5,1501300.43100000009872
601398.SH,2025.06.05,7.08,7.120000000000001,7.070000000000001,7.09,7.08,0.01,0.1412,2255742.169999999925494,1598752.218000000109896
601398.SH,2025.06.06,7.1,7.120000000000001,7.070000000000001,7.1,7.09,0.01,0.141,1870299.620000000111758,1326482.212000000057741
601398.SH,2025.06.09,7.1,7.110000000000001,7.04,7.08,7.1,-0.02,-0.2817,2913684.549999999813735,2060159.019000000087544
601398.SH,2025.06.10,7.08,7.190000000000001,7.070000000000001,7.1,7.08,0.02,0.2825,4161322.020000000018626,2968939.27600000007078
601398.SH,2025.06.11,7.1,7.150000000000001,7.09,7.120000000000001,7.1,0.02,0.2817,2247733.720000000204891,1600489.310999999986961
601398.SH,2025.06.12,7.120000000000001,7.13,7.09,7.110000000000001,7.120000000000001,-0.01,-0.1404,2318336.350000000093132,1647893.540999999968335
601398.SH,2025.06.13,7.110000000000001,7.13,7.08,7.09,7.110000000000001,-0.02,-0.2813,2808948.069999999832361,1993391.253000000026077
601398.SH,2025.06.16,7.08,7.14,7.02,7.14,7.09,0.05,0.7052,2786039.770000000018626,1973414.702000000048428
601398.SH,2025.06.17,7.13,7.17,7.120000000000001,7.17,7.14,0.03,0.4202,2279382.640000000130385,1631206.054000000003725
601398.SH,2025.06.18,7.17,7.25,7.160000000000001,7.25,7.17,0.08,1.1158,3321322.520000000018626,2399282.240000000223517
601398.SH,2025.06.19,7.240000000000001,7.3,7.200000000000001,7.3,7.25,0.05,0.6897,2841779.660000000149011,2063441.90100000007078
601398.SH,2025.06.20,7.29,7.38,7.280000000000001,7.370000000000001,7.3,0.07,0.9589,3106927.740000000223517,2278784.785999999847263
601398.SH,2025.06.23,7.360000000000001,7.56,7.33,7.52,7.370000000000001,0.15,2.0353,3897378.149999999906867,2904803.935000000055879
601398.SH,2025.06.24,7.51,7.64,7.5,7.63,7.52,0.11,1.4628,3560199,2697370.669999999925494
601398.SH,2025.06.25,7.610000000000001,7.71,7.52,7.67,7.63,0.04,0.5242,3495451.549999999813735,2670562.941000000108033
601398.SH,2025.06.26,7.660000000000001,7.75,7.62,7.72,7.67,0.05,0.6519,2931890.140000000130385,2256598.291999999899417
601398.SH,2025.06.27,7.72,7.76,7.480000000000001,7.5,7.72,-0.22,-2.8497,4820511.410000000149011,3654638.052999999839812
601398.SH,2025.06.30,7.480000000000001,7.610000000000001,7.42,7.59,7.5,0.09,1.2,3061472.450000000186264,2307954.197000000160187
601398.SH,2025.07.01,7.59,7.740000000000001,7.58,7.660000000000001,7.59,0.07,0.9223,2683319.209999999962747,2061516.55600000009872
601398.SH,2025.07.02,7.68,7.71,7.650000000000001,7.68,7.660000000000001,0.02,0.2611,2068290.919999999925494,1588904.790000000037252
601398.SH,2025.07.03,7.68,7.72,7.6,7.64,7.68,-0.04,-0.5208,2256541.259999999776482,1727134.627000000094994
601398.SH,2025.07.04,7.64,7.780000000000001,7.63,7.75,7.64,0.11,1.4398,2890571.410000000149011,2231478.827000000048428
601398.SH,2025.07.07,7.740000000000001,7.77,7.700000000000001,7.730000000000001,7.75,-0.02,-0.2581,1948834.25,1507334.338999999919906
601398.SH,2025.07.08,7.730000000000001,7.780000000000001,7.700000000000001,7.76,7.730000000000001,0.03,0.3881,1983420.239999999990686,1536668.53499999991618
601398.SH,2025.07.09,7.76,7.93,7.75,7.85,7.76,0.09,1.1598,2898275.660000000149011,2281970.066999999806284
601398.SH,2025.07.10,7.87,8.13,7.87,8.08,7.85,0.23,2.9299,5870466.490000000223517,4723382.453999999910593
601398.SH,2025.07.11,8.119999999999999,8.359999999999999,8.009999999999999,8.009999999999999,8.08,-0.07,-0.8663,8885955.669999999925494,7287115.48300000000745
601398.SH,2025.07.14,7.900000000000001,7.980000000000001,7.84,7.84,7.85,-0.01,-0.1274,4706935.070000000298023,3718881.12099999981001
601398.SH,2025.07.15,7.860000000000001,7.88,7.76,7.8,7.84,-0.04,-0.5102,3186881.100000000093132,2491230.675999999977648
601398.SH,2025.07.16,7.77,7.8,7.700000000000001,7.8,7.8,0,0,3524987.729999999981373,2727111.481000000145286
601398.SH,2025.07.17,7.79,7.81,7.72,7.75,7.8,-0.05,-0.641,2793216.720000000204891,2165167.688000000081956
601398.SH,2025.07.18,7.740000000000001,7.820000000000001,7.700000000000001,7.77,7.75,0.02,0.2581,2727850.060000000055879,2118707.043000000063329
601398.SH,2025.07.21,7.76,7.77,7.67,7.700000000000001,7.77,-0.07,-0.9009,3135465.930000000167638,2416554.043000000063329
601398.SH,2025.07.22,7.67,7.68,7.56,7.6,7.700000000000001,-0.1,-1.2987,4778345.169999999925494,3631140.813999999780207
601398.SH,2025.07.23,7.59,7.730000000000001,7.56,7.650000000000001,7.6,0.05,0.6579,4891056.370000000111758,3743744.905999999959021
601398.SH,2025.07.24,7.650000000000001,7.67,7.530000000000001,7.55,7.650000000000001,-0.1,-1.3072,4623948.299999999813735,3497603.34500000020489
601398.SH,2025.07.25,7.530000000000001,7.58,7.480000000000001,7.490000000000001,7.55,-0.06,-0.7947,3308917.470000000204891,2491086.129000000189989
601398.SH,2025.07.28,7.490000000000001,7.54,7.46,7.490000000000001,7.490000000000001,0,0,2734226.830000000074505,2051369.273000000044703
601398.SH,2025.07.29,7.490000000000001,7.52,7.43,7.43,7.490000000000001,-0.06,-0.8011,2922719.279999999795109,2182949.359000000171363
601398.SH,2025.07.30,7.43,7.55,7.400000000000001,7.490000000000001,7.43,0.06,0.8075,3907271.109999999869614,2927215.140999999828636
601398.SH,2025.07.31,7.490000000000001,7.59,7.42,7.56,7.490000000000001,0.07,0.9346,4809696.169999999925494,3614613.287000000011175
601398.SH,2025.08.01,7.56,7.67,7.480000000000001,7.62,7.56,0.06,0.7937,5145899.59999999962747,3907516.134000000078231
601398.SH,2025.08.04,7.63,7.780000000000001,7.62,7.68,7.62,0.06,0.7874,4482750.759999999776482,3454575.64699999988079
601398.SH,2025.08.05,7.68,7.76,7.63,7.76,7.68,0.08,1.0417,3403182.100000000093132,2621498.586999999824911
601398.SH,2025.08.06,7.75,7.8,7.71,7.76,7.76,0,0,2967782.129999999888241,2301147.115999999921768
601398.SH,2025.08.07,7.75,7.87,7.700000000000001,7.84,7.76,0.08,1.0309,3789820.970000000204891,2960611.114000000059604
601398.SH,2025.08.08,7.84,7.900000000000001,7.77,7.79,7.84,-0.05,-0.6378,2739257.729999999981373,2144008.141999999992549
601398.SH,2025.08.11,7.780000000000001,7.8,7.68,7.700000000000001,7.79,-0.09,-1.1553,3368392.160000000149011,2599658.649999999906867
601398.SH,2025.08.12,7.690000000000001,7.81,7.67,7.780000000000001,7.700000000000001,0.08,1.039,3183980.819999999832361,2474883.100000000093132
601398.SH,2025.08.13,7.77,7.820000000000001,7.700000000000001,7.700000000000001,7.780000000000001,-0.08,-1.0283,3360196.75,2601354.455999999772757
601398.SH,2025.08.14,7.700000000000001,7.76,7.67,7.690000000000001,7.700000000000001,-0.01,-0.1299,2834872.819999999832361,2187318.595999999903142
601398.SH,2025.08.15,7.700000000000001,7.72,7.480000000000001,7.55,7.690000000000001,-0.14,-1.8205,6480057.870000000111758,4882339.779000000096857
601398.SH,2025.08.18,7.51,7.54,7.46,7.530000000000001,7.55,-0.02,-0.2649,4072372.490000000223517,3054805.757000000216066
601398.SH,2025.08.19,7.530000000000001,7.6,7.51,7.570000000000001,7.530000000000001,0.04,0.5312,3385247.029999999795109,2560802.995000000111758
601398.SH,2025.08.20,7.58,7.62,7.56,7.570000000000001,7.570000000000001,0,0,3315205.859999999869614,2515293.333999999798834
601398.SH,2025.08.21,7.570000000000001,7.62,7.51,7.6,7.570000000000001,0.03,0.3963,3443027.529999999795108,2609843.959999999962747
601398.SH,2025.08.22,7.6,7.63,7.530000000000001,7.63,7.6,0.03,0.3947,3837727.890000000130385,2908481.745000000111758
601398.SH,2025.08.25,7.6,7.610000000000001,7.55,7.59,7.63,-0.04,-0.5242,4131598.049999999813735,3129154.376000000163912
601398.SH,2025.08.26,7.58,7.62,7.54,7.55,7.59,-0.04,-0.527,2998328.270000000018626,2268338.336000000126659
601398.SH,2025.08.27,7.54,7.54,7.410000000000001,7.410000000000001,7.55,-0.14,-1.8543,5157247.509999999776482,3852879.69400000013411
601398.SH,2025.08.28,7.410000000000001,7.440000000000001,7.320000000000001,7.38,7.410000000000001,-0.03,-0.4049,4654688.870000000111758,3436054.969000000040978
601398.SH,2025.08.29,7.38,7.530000000000001,7.38,7.43,7.38,0.05,0.6775,5196151,3876595.172999999951571
601398.SH,2025.09.01,7.43,7.450000000000001,7.360000000000001,7.38,7.43,-0.05,-0.6729,3845435.839999999850988,2842147.961000000126659
601398.SH,2025.09.02,7.370000000000001,7.570000000000001,7.35,7.570000000000001,7.38,0.19,2.5745,7690652.129999999888241,5756720.400999999605119
601398.SH,2025.09.03,7.570000000000001,7.58,7.42,7.440000000000001,7.570000000000001,-0.13,-1.7173,4919771.330000000074505,3687104.655999999959021
601398.SH,2025.09.04,7.400000000000001,7.6,7.26,7.54,7.440000000000001,0.1,1.3441,8760059.359999999403953,6522723.400999999605119
601398.SH,2025.09.05,7.52,7.54,7.400000000000001,7.440000000000001,7.54,-0.1,-1.3263,4417093.089999999850988,3294733.879999999888241
601398.SH,2025.09.08,7.410000000000001,7.440000000000001,7.370000000000001,7.400000000000001,7.440000000000001,-0.04,-0.5376,3542760.18999999994412,2623331.822999999858438
601398.SH,2025.09.09,7.39,7.46,7.38,7.43,7.400000000000001,0.03,0.4054,2662793.919999999925494,1977586.299000000115483
601398.SH,2025.09.10,7.440000000000001,7.480000000000001,7.38,7.47,7.43,0.04,0.5384,2886560.43999999994412,2148056.692999999970197
601398.SH,2025.09.11,7.46,7.58,7.39,7.51,7.47,0.04,0.5355,5415158.549999999813735,4047763.813999999780207
601398.SH,2025.09.12,7.490000000000001,7.54,7.450000000000001,7.480000000000001,7.51,-0.03,-0.3995,2992824.629999999888241,2242324.705000000074505
601398.SH,2025.09.15,7.450000000000001,7.51,7.400000000000001,7.43,7.480000000000001,-0.05,-0.6684,3295819.209999999962747,2450259.695999999996274
601398.SH,2025.09.16,7.410000000000001,7.490000000000001,7.410000000000001,7.450000000000001,7.43,0.02,0.2692,2893476.140000000130385,2156214.466000000014901
601398.SH,2025.09.17,7.42,7.46,7.400000000000001,7.46,7.450000000000001,0.01,0.1342,2475841.859999999869614,1840577.293000000063329
601398.SH,2025.09.18,7.450000000000001,7.46,7.280000000000001,7.29,7.46,-0.17,-2.2788,5297807.169999999925494,3898308.493999999947845
601398.SH,2025.09.19,7.280000000000001,7.280000000000001,7.120000000000001,7.200000000000001,7.29,-0.09,-1.2346,4807097.540000000037252,3461205.35800000000745
601398.SH,2025.09.22,7.200000000000001,7.25,7.150000000000001,7.18,7.200000000000001,-0.02,-0.2778,2750891.200000000186264,1981415.047000000020489
601398.SH,2025.09.23,7.160000000000001,7.410000000000001,7.13,7.400000000000001,7.18,0.22,3.0641,6288256.040000000037252,4616426.036000000312924
601398.SH,2025.09.24,7.39,7.530000000000001,7.370000000000001,7.47,7.400000000000001,0.07,0.9459,5142069.190000000409781,3831987.700999999884515
601398.SH,2025.09.25,7.440000000000001,7.46,7.31,7.38,7.47,-0.09,-1.2048,3237228.399999999906867,2381142.339999999850988
601398.SH,2025.09.26,7.35,7.43,7.3,7.410000000000001,7.38,0.03,0.4065,2733592.979999999981373,2015436.918000000063329
601398.SH,2025.09.29,7.38,7.400000000000001,7.26,7.33,7.410000000000001,-0.08,-1.0796,4050039.330000000074505,2967071.848999999929219
601398.SH,2025.09.30,7.31,7.33,7.26,7.3,7.33,-0.03,-0.4093,2445676.270000000018626,1784123.668999999994412
601398.SH,2025.10.09,7.25,7.320000000000001,7.200000000000001,7.31,7.3,0.01,0.137,2977410.759999999776482,2160546.97899999981746
601398.SH,2025.10.10,7.29,7.360000000000001,7.280000000000001,7.31,7.31,0,0,3048696.890000000130385,2232583.779000000096857
601398.SH,2025.10.13,7.320000000000001,7.360000000000001,7.230000000000001,7.27,7.31,-0.04,-0.5472,3957386.049999999813735,2882595.177999999839812
601398.SH,2025.10.14,7.26,7.5,7.22,7.5,7.27,0.23,3.1637,6938781.400000000372529,5134528.487999999895691
601398.SH,2025.10.15,7.47,7.54,7.42,7.46,7.5,-0.04,-0.5333,4075993.18999999994412,3046378.594000000040978
601398.SH,2025.10.16,7.43,7.650000000000001,7.43,7.63,7.46,0.17,2.2788,4956233.450000000186264,3749953.455999999772757
601398.SH,2025.10.17,7.63,7.72,7.570000000000001,7.62,7.63,-0.01,-0.1311,4087002.459999999962747,3125404.222000000067055
601398.SH,2025.10.20,7.59,7.650000000000001,7.47,7.610000000000001,7.62,-0.01,-0.1312,3919785.930000000167638,2960246.447999999858438
601398.SH,2025.10.21,7.58,7.650000000000001,7.54,7.64,7.610000000000001,0.03,0.3942,3441139.240000000223517,2616075.703000000212341
601398.SH,2025.10.22,7.63,7.79,7.62,7.76,7.64,0.12,1.5707,3815865.560000000055879,2942641.848999999929219
601398.SH,2025.10.23,7.76,7.89,7.71,7.84,7.76,0.08,1.0309,4326614.320000000298023,3378223.695999999996274
601398.SH,2025.10.24,7.8,7.89,7.76,7.84,7.84,0,0,3263623.330000000074505,2556166.916999999899417
601398.SH,2025.10.27,7.8,7.940000000000001,7.740000000000001,7.91,7.84,0.07,0.8929,3919946.770000000018626,3079616.600000000093132
601398.SH,2025.10.28,7.900000000000001,8.019999999999999,7.85,7.990000000000001,7.91,0.08,1.0114,3320408.169999999925494,2640150.336999999824911
601398.SH,2025.10.29,7.980000000000001,7.990000000000001,7.8,7.83,7.990000000000001,-0.16,-2.0025,3683044.390000000130385,2902412.947000000160187
601398.SH,2025.10.30,7.83,7.900000000000001,7.780000000000001,7.84,7.83,0.01,0.1277,2787161.259999999776482,2186887.580000000074505
601398.SH,2025.10.31,7.87,7.87,7.67,7.780000000000001,7.84,-0.06,-0.7653,3693253.240000000223517,2861703.074000000022351
601398.SH,2025.11.03,7.79,7.940000000000001,7.780000000000001,7.900000000000001,7.780000000000001,0.12,1.5424,3420734.240000000223517,2696886.643000000156462
601398.SH,2025.11.04,7.89,8.14,7.89,8.13,7.900000000000001,0.23,2.9114,4410976.049999999813735,3556070.089000000152736
601398.SH,2025.11.05,8.169999999999999,8.21,8.089999999999999,8.14,8.13,0.01,0.123,3941536.299999999813735,3216874.938000000081956
601398.SH,2025.11.06,8.119999999999999,8.15,8.06,8.089999999999999,8.14,-0.05,-0.6143,3009758,2437052.280999999959021
601398.SH,2025.11.07,8.089999999999999,8.16,8.019999999999999,8.05,8.089999999999999,-0.04,-0.4944,2801613.580000000074505,2259074.574000000022351
601398.SH,2025.11.10,8.019999999999999,8.13,7.980000000000001,8.119999999999999,8.05,0.07,0.8696,2232913.149999999906867,1801106.445999999996274
601398.SH,2025.11.11,8.099999999999999,8.169999999999999,8.07,8.16,8.119999999999999,0.04,0.4926,1917401.040000000037252,1558044.145999999949708
601398.SH,2025.11.12,8.16,8.32,8.15,8.189999999999999,8.16,0.03,0.3676,3592897.950000000186264,2963066.407000000122934
601398.SH,2025.11.13,8.21,8.24,8.08,8.21,8.189999999999999,0.02,0.2442,2901379.149999999906867,2369679.711000000126659
601398.SH,2025.11.14,8.23,8.38,8.22,8.25,8.21,0.04,0.4872,3063351.290000000037252,2542717.45699999993667
601398.SH,2025.11.17,8.25,8.259999999999999,8.109999999999999,8.169999999999999,8.25,-0.08,-0.9697,2582768.100000000093132,2109115.126999999862164
601398.SH,2025.11.18,8.14,8.25,8.109999999999999,8.199999999999999,8.169999999999999,0.03,0.3672,2175959.649999999906867,1780723.631000000052154
601398.SH,2025.11.19,8.199999999999999,8.32,8.169999999999999,8.23,8.199999999999999,0.03,0.3659,2344283.129999999888241,1935987.516999999992549
601398.SH,2025.11.20,8.21,8.4,8.179999999999999,8.269999999999999,8.23,0.04,0.486,3594877.459999999962747,2984350.15100000007078
601398.SH,2025.11.21,8.279999999999999,8.38,8.22,8.25,8.269999999999999,-0.02,-0.2418,4644446.660000000149011,3850244.345999999903142
601398.SH,2025.11.24,8.199999999999999,8.259999999999999,8.119999999999999,8.199999999999999,8.25,-0.05,-0.6061,3489190.160000000149011,2859936.700000000186264
601398.SH,2025.11.25,8.179999999999999,8.32,8.13,8.31,8.199999999999999,0.11,1.3415,3055429.93999999994412,2518475.879000000189989
601398.SH,2025.11.26,8.31,8.38,8.15,8.16,8.31,-0.15,-1.8051,3310419.560000000055879,2718206.390999999828636
601398.SH,2025.11.27,8.15,8.189999999999999,8.06,8.16,8.16,0,0,2344122.229999999981373,1906028.129999999888241
601398.SH,2025.11.28,8.15,8.169999999999999,8.08,8.109999999999999,8.16,-0.05,-0.6127,2084015.669999999925494,1692569.483999999938532
601398.SH,2025.12.01,8.05,8.109999999999999,8.019999999999999,8.089999999999999,8.109999999999999,-0.02,-0.2466,2652608.629999999888241,2138449.351999999955296
601398.SH,2025.12.02,8.089999999999999,8.119999999999999,8.019999999999999,8.089999999999999,8.089999999999999,0,0,2145189.910000000149011,1731677.084999999962747
601398.SH,2025.12.03,8.06,8.15,8.029999999999999,8.05,8.089999999999999,-0.04,-0.4944,2212584.899999999906867,1789483.343000000109896
601398.SH,2025.12.04,8.07,8.089999999999999,8.019999999999999,8.05,8.05,0,0,1491011.620000000111758,1200193.245000000111758
601398.SH,2025.12.05,8.039999999999999,8.099999999999999,7.950000000000001,7.990000000000001,8.05,-0.06,-0.7453,2461472.540000000037252,1971460.421000000089406
601398.SH,2025.12.08,7.990000000000001,8.039999999999999,7.950000000000001,7.990000000000001,7.990000000000001,0,0,2130820.149999999906867,1705238.074000000022351
601398.SH,2025.12.09,8.009999999999999,8.15,7.980000000000001,8.099999999999999,7.990000000000001,0.11,1.3767,2654901.029999999795109,2142465.662000000011175
601398.SH,2025.12.10,8.089999999999999,8.119999999999999,7.92,7.940000000000001,8.099999999999999,-0.16,-1.9753,3084175.600000000093132,2463322.811000000219792
601398.SH,2025.12.11,7.950000000000001,8,7.900000000000001,8,7.940000000000001,0.06,0.7557,2621759.520000000018626,2082812.280999999959021
601398.SH,2025.12.12,7.97,7.980000000000001,7.84,7.97,8,-0.03,-0.375,5191105.330000000074505,4108578.950999999884515
601398.SH,2025.12.15,7.820000000000001,7.860000000000001,7.77,7.81,7.83,-0.02,-0.2554,2509712.649999999906867,1963049.712999999988824
601398.SH,2025.12.16,7.81,7.83,7.730000000000001,7.79,7.81,-0.02,-0.2561,1934388.929999999934807,1505170.841000000014901
601398.SH,2025.12.17,7.780000000000001,7.87,7.75,7.81,7.79,0.02,0.2567,2206861.169999999925494,1727882.118000000016763
601398.SH,2025.12.18,7.81,8,7.79,7.990000000000001,7.81,0.18,2.3047,2417484.129999999888241,1913173.479000000050291
601398.SH,2025.12.19,7.96,7.980000000000001,7.860000000000001,7.88,7.990000000000001,-0.11,-1.3767,2355882.259999999776482,1863589.554999999934807
601398.SH,2025.12.22,7.860000000000001,7.91,7.83,7.89,7.88,0.01,0.1269,1668915.340000000083819,1312853.939000000013038
601398.SH,2025.12.23,7.89,7.950000000000001,7.87,7.92,7.89,0.03,0.3802,2000569.540000000037252,1583859.587000000057742
601398.SH,2025.12.24,7.92,7.96,7.88,7.91,7.92,-0.01,-0.1263,1736670.760000000009313,1375070.939000000013038
601398.SH,2025.12.25,7.900000000000001,7.91,7.83,7.860000000000001,7.91,-0.05,-0.6321,1655190.229999999981373,1301798.780999999959021
601398.SH,2025.12.26,7.84,7.860000000000001,7.79,7.81,7.860000000000001,-0.05,-0.6361,1500697.300000000046566,1173341.227999999886378
601398.SH,2025.12.29,7.81,7.900000000000001,7.77,7.87,7.81,0.06,0.7682,2706386.109999999869614,2123332.197000000160187
601398.SH,2025.12.30,7.84,7.87,7.79,7.85,7.87,-0.02,-0.2541,2087546.429999999934807,1634489.989000000059604
601398.SH,2025.12.31,7.83,7.96,7.83,7.93,7.85,0.08,1.0191,2866527.75,2264103.770000000018626
601398.SH,2026.01.05,7.91,7.940000000000001,7.76,7.820000000000001,7.93,-0.11,-1.3871,4254144.679999999701976,3323770.77199999988079
601398.SH,2026.01.06,7.81,7.81,7.76,7.8,7.820000000000001,-0.02,-0.2558,2595770.109999999869614,2020831.027000000001862
601398.SH,2026.01.07,7.780000000000001,7.79,7.700000000000001,7.75,7.8,-0.05,-0.641,3297895.790000000037252,2553204.797999999951571
601398.SH,2026.01.08,7.740000000000001,7.740000000000001,7.650000000000001,7.690000000000001,7.75,-0.06,-0.7742,2919139.669999999925494,2241434.646000000182539
601398.SH,2026.01.09,7.690000000000001,7.72,7.64,7.71,7.690000000000001,0.02,0.2601,2410929.859999999869614,1852121.115999999921768
601398.SH,2026.01.12,7.700000000000001,7.77,7.650000000000001,7.740000000000001,7.71,0.03,0.3891,2923852.209999999962747,2254589.839999999850988
601398.SH,2026.01.13,7.75,7.85,7.740000000000001,7.81,7.740000000000001,0.07,0.9044,3651925.089999999850988,2852104.728000000119209
601398.SH,2026.01.14,7.79,7.79,7.68,7.690000000000001,7.81,-0.12,-1.5365,3901382.93999999994412,3012753.359999999869614
601398.SH,2026.01.15,7.68,7.740000000000001,7.660000000000001,7.68,7.690000000000001,-0.01,-0.13,2870266.790000000037252,2210237.336000000126659
601398.SH,2026.01.16,7.67,7.68,7.58,7.610000000000001,7.68,-0.07,-0.9115,3406706.359999999869614,2599011.574000000022351
601398.SH,2026.01.19,7.6,7.63,7.5,7.530000000000001,7.610000000000001,-0.08,-1.0512,3290640.040000000037252,2487942.467999999877065
601398.SH,2026.01.20,7.52,7.570000000000001,7.5,7.54,7.530000000000001,0.01,0.1328,3028862.810000000055879,2282239.425999999977648
601398.SH,2026.01.21,7.530000000000001,7.56,7.34,7.35,7.54,-0.19,-2.5199,4745207.549999999813735,3522309.899999999906867
601398.SH,2026.01.22,7.35,7.38,7.25,7.27,7.35,-0.08,-1.0884,3880673.93999999994412,2834236.296999999787658
601398.SH,2026.01.23,7.27,7.29,7.17,7.21,7.27,-0.06,-0.8253,3770134.089999999850988,2724246.964000000152736
601398.SH,2026.01.26,7.190000000000001,7.320000000000001,7.150000000000001,7.240000000000001,7.21,0.03,0.4161,4550565.719999999739229,3299949.683999999891966
601398.SH,2026.01.27,7.240000000000001,7.370000000000001,7.21,7.230000000000001,7.240000000000001,-0.01,-0.1381,4698080.53000000026077,3430365.916999999899417
601398.SH,2026.01.28,7.21,7.29,7.160000000000001,7.200000000000001,7.230000000000001,-0.03,-0.4149,4564563.219999999739229,3298588.942999999970197
601398.SH,2026.01.29,7.190000000000001,7.3,7.160000000000001,7.26,7.200000000000001,0.06,0.8333,4380996.070000000298023,3165642.865000000223517
601398.SH,2026.01.30,7.27,7.39,7.22,7.25,7.26,-0.01,-0.1377,4607413.809999999590218,3371970.033999999985098
601398.SH,2026.02.02,7.26,7.39,7.25,7.320000000000001,7.25,0.07,0.9655,5411791.080000000074505,3969793.200000000186264
601398.SH,2026.02.03,7.3,7.31,7.150000000000001,7.18,7.320000000000001,-0.14,-1.9126,4492107.84999999962747,3234033.720000000204891
601398.SH,2026.02.04,7.18,7.29,7.17,7.240000000000001,7.18,0.06,0.8357,3084843.93999999994412,2229422.896000000182539
601398.SH,2026.02.05,7.25,7.320000000000001,7.230000000000001,7.3,7.240000000000001,0.06,0.8287,3101575.129999999888241,2259528.657999999821186
601398.SH,2026.02.06,7.31,7.35,7.22,7.26,7.3,-0.04,-0.5479,2514601.240000000223517,1827005.074000000022351
601398.SH,2026.02.09,7.25,7.29,7.21,7.280000000000001,7.26,0.02,0.2755,2032530.25,1475435.013999999966472
601398.SH,2026.02.10,7.280000000000001,7.34,7.26,7.3,7.280000000000001,0.02,0.2747,1948047.629999999888241,1423437.347999999998137
601398.SH,2026.02.11,7.320000000000001,7.320000000000001,7.27,7.29,7.3,-0.01,-0.137,1388031.179999999934807,1012219.596000000019557
601398.SH,2026.02.12,7.29,7.3,7.17,7.18,7.29,-0.11,-1.5089,3530836.799999999813735,2542533.950000000186264
601398.SH,2026.02.13,7.190000000000001,7.200000000000001,7.110000000000001,7.110000000000001,7.18,-0.07,-0.9749,3173925.080000000074505,2267176.686000000219792
601398.SH,2026.02.24,7.13,7.150000000000001,7.05,7.06,7.110000000000001,-0.05,-0.7032,2966280.200000000186264,2101275.787000000011175
601398.SH,2026.02.25,7.06,7.070000000000001,7.030000000000001,7.05,7.06,-0.01,-0.1416,2192894.279999999795109,1546795.850000000093132
601398.SH,2026.02.26,7.06,7.070000000000001,6.93,6.96,7.05,-0.09,-1.2766,3678152.709999999962747,2568485.975999999791383
601398.SH,2026.02.27,6.940000000000001,6.950000000000001,6.91,6.92,6.96,-0.04,-0.5747,2439315.259999999776482,1688509.137000000104308
